Banjarese Lemma,Banjarese Definition,Indonesian Lemma,Indonesian Definition
mantah,balum masak balum waktunya gasan dijatu,mentah,makanan yang belum di masak atau di goreng
saray,salah satu guna saray nang lain adalah baunya kawa digunaakan gasan mengusir mamburu nyamuk baik salagi baujud tatanaman atawa jua minyaknya,serai,saray
bidara,sajanis puhun halus panghasil buah nang tumbuh di dairah karing,GAP,
hampap,sayur santan dengan ikan asin,GAP,
satrup,satrup atawa sirup matan basa arab sharab minuman anggur minuman wan online etymology dictionary syrup adalah cacahar nang likat wan baisi kadar gula talarut nang tinggi tagal parak kadada baisi kacandarungan gasan mangandapakan kristal kalikatan satrup marga ulih banyaknya ikatan hidrogen antara gugus hidroksil oh pada molekul gula talarut lawan molekul banyu nang malarutakannya,sirup,minuman segar yang dibuat dari campuran sirup dan es batu
babungku,"nama kuih matan tepung baras, santan, dan gula merah dibungkus dengan daun pisang, dikukus",babungku,makanan yang terbuat dari ketan yang dikukus dan diberi isian manis seperti kelapa parut dan gula merah
kancur,kancur kaempferia galanga l adalah ngaran tanaman hirbal nang baisi manpaat pananamba tanaman ngini hidup di dairah trupis duwa subrtrupis kancur dipakai gasan industri lawan didapur nang kada hasan tatamba haja tagal dipakai juwa gasan dimakan diminum nang bagus gasan kasihatan,kencur,"tanaman yang mempunyai akar batang yang tertanam di dalam tanah, biasa dipakai untuk bahan rempah-rempah dan ramuan obat; Bagian tanaman kencur yang sering digunakan adalah rimpang, akar dan daun."
pacal,pacal atawa pecel adalah makanan nang diulah matan sayur bajarang kaya kacang panjang bayam kacambah nang dilingir lawan kuah sambal kacang pecel nomina makanan yang terdiri atas sayuran rebus seperti kacang panjang bayam taoge yang disiram dengan kuah sambal kacang dan sebagainya,pecel,"makanan yang terdiri atas sayuran rebus, seperti kacang panjang, bayam, taoge yang disiram dengan kuah sambal kacang dan sebagainya."
bingka,wadai has Banjar nang rasanya liwar manis,bingka,"kue yang terbuat dari tepung, gula, telur, dan santan, biasanya dibentuk dalam loyang dan dipanggang hingga matang"
roti taboon,roti taboon adalah roti datar matan timur tengah roti taboon adalah sabuah wrap nang dipakai dalam babarapa masakan jenis roti datar ngini biasanya dipanggang dalam panggang tabun wan dipasangi lawan isian nang balainan,GAP,
babal,buah nangka yang masih sangat kecil,GAP,
langsat roko,"sejenis langsat yang bentuk buahnya lebih bulat, kulit lebih tebal, biji lebih besar, dan rasa lebih asam",GAP,
karupuk gumbili,karupuk nang diulah matan ubi,kerupuk singkong; kerupuk ubi,kerupuk yang berasal dari singkong
papare,papare momordica charantia suku waluh waluhan atawa cucurbitaceae adalah sejenis tanaman malancar awan buahnya panjang bagerigi dan runcing hujungnya buahnya nang berasa pahit biasa diulah sabagai sayur pariannya pada gado gado pecel rendang atau gulai,GAP,
rabuk,rabuk atawa jabu adalah daging cincang nang sudah dilembut akan dididihakan imbah itu disanga biasanya warnanya soklat tarang sampay pinda hirang jabu tampilannya kaya serat musababnya inya dasar didominasi ulih serat serat otot nang sudah karing daging sapi rancak diguna akan gasan meulah jabu tapi ada jua jabu hayam babi iwak wan kambing,abon,"makanan yg dibuat dr daging sapi, ayam, ikan yg direbus, lalu dicabik-cabik menurut seratnya, diberi bumbu kemudian digoreng"
kapul,kapul baisian ngaran ilmiah baccaurea macrocarpa buah kapul tamasuk buah khas asli kalimantan atawa urang manyambat buah indigenous nang takapinggirakan bahkan manpaat nutrisi di dalamnya dianggap kada talalu panting ngaran lain nang dipinandui matan buah ini adalah tampoi,GAP,
hundang talampis,hundang laut kacui nang membuat terasi dsb,GAP,
kakulih,ngaran wadai taulah matan galapung baras dibari pandan harum disumap nang kaya agar agar dimakan bakuah gula habang,GAP,
hundang sapit,hundang nang sapit dan basapit,udang sapit,udang kecil yang bisa sapit
lakatan serundeng,lakatan serunding adalah wadai khas indunisia khususnya bubuhan betawi wan banjar nang tadiri matan lakatan nang dibari serundeng sarunding atawa nyiur parut nang dicampur lawan gula habang daun limau daun salam lawan asam kamal,lakatan serundeng,wadai khas banjar nang ditambahi serundeng
kelemben,kelemben atawa wadai kelemben atawa ada jua nang manyambat kulambin bahasa indunisia bolu adalah wadai nang diulah matan bahan dasar galapung gula lawan hintalu kelemben biasanya dipanggang tagal ada jua pang nang disumap wadai ngini rancak dipakai gasan makanan panutup imbah makan atawa jua gasan wadai istimewa gasan acara kawinan atawa ulang tahun,bolu,"kue yg dibuat dr adonan tepung terigu, telur, gula pasir, dsb"
risturan hancap surung,rumah makan nang manyurungakan makanan wan kinuman dalam waktu rilatip satumat matan panampahan sampai panyurungan ka palanggan rancaknya surungan barupa hamburger atawa ayam basanga,rumah makan siap saji,rumah makan yang menghidangkan makanan dan minuman dalam waktu relatif singkat dari pemesanan sampai penyajian kepada pelanggan.
gangan asam patin,sayur asam yang ditambahi ikan patin,GAP,
pais waluh,panganan dari waluh nang dibungkus daun pisang,GAP,
durian,"ngaran tumbuhan tarupis nang bamula matan Asia Tanggara, sakaligus ngaran buahnya nang kawa dimakan",durian,"jenis tumbuhan yg buahnya berkulit tebal dan berduri, Durio zibethinus"
tih limau,tih nang ditambahi limau,teh limau,teh yang di kasih perasan limau
sunduk lawang,"nama kuih khas Banjar berbahan dasar tepung, santan, gula, dan air, dibungkus daun pisang bentuknya bulat panjang kecil lalu dikukus",GAP,
bilungka,"buah panjang nang warna hijau, kawa dimakan mentah atau baacar",bilungka; timun; mentimun,buah panjang nang bawarna kuning sering di gunakan buat penambah rasa di es camour
nasi padapatan,nasi nang ada di pangantinan urang banjar,GAP,
tasmak,"buah kasemek, Diospyros kaki",GAP,
uyah padu,ref kata injaman matan bahasa jawa yato uyah atawa garam dapur adalah sajanis minaral nang rancak dimakan ulih manusia bantuknya karistal putih karancakannya dihasilakan tumatan banyu laut biasanya uyah padu nang tasadia sacara umum adalah natrium klorida nacl,garam dapur,sejenis mineral yang dapat membuat rasa asin. Biasanya garam dapur yang tersedia secara umum adalah Natrium klorida (NaCl) yang dihasilkan oleh air laut.
hayam,"unggas nang kada bisa tarabang, kawa diingu, baciri khas suara kangku'uk",ayam,ayam
kakumbu,kakumbu adalah salah satu wadai khas suku banjar nang ada di kalimantan selatan wadai ini bentuknya bulat lepeh kakumbu diulah dari kacang hijau bajarang nang digiling dicampur lawan nyiur galapung baras gula habang gula pasir wan disanga pakai adunan galapung kakumbu nyaman dimakan pas lagi panas atawa hangat cara maulah wadai kakumbu gin kada ngalih bahan bahannya nyaman dicari di pasar,GAP,
balinjan,"tumbuhan matan kulawarga Solanaceae, tumbuhan asli Amirika Tangah wan Salatan, tumatan Meksiko sampai Peru",GAP,
jaruk bawang basihung,asinan matan bawang putih,GAP,
tumpiangin,tumpiangin atawa rampaya adalah sajanis makanan palangkap matan kalumpuk sanggar sacara umum tumpiangin adalah sanggar galapung gandum nang dicampur lawan banyu hampai jadi adunan kantal dibari bumbu nang kaya uyah wan bawang putih wan jua dibari bahan isian nang has biasanya biji kacang tanah atawa kadalai galapung di sia adalah gasan paikat isian kawa jua iwak nang ganalnya kaya kacang cuntuhnya kaya iwak junu jingking atawa larun wayahini urang jua maulah tumpiangin matan daun bayam,GAP,
kacang hampap,kacang nang sedang enak disayur dengan santan,GAP,
nangka hijau,"tumbuhan baguna nang ba'asal matan Karibia, Amirika Tengah wan Amirika Selatan",nangka,"pohon, buahnya berwarna hijau kekuning-kuningan, berkulit tebal, berduri tidak tajam"
untuk,wadai nang babantuk bulat atawa bulat panjang babahan galapung diisii hinti kacang pisang wan lain lain atawa kadada isinya wan diulah lawan cara disumap atawa disanga,GAP,
wadai ambikuk,wadai khas Banjar matan singkong parut,kue ambikuk,kuea khas Banjar yang terbuat dari singkong parut
apam barabai,"wadai khas dari Barabai nang diulah dari galapung baras IR42, karana baras janis ini nang cucuk gasan bahan pambuatannya",apam barabai,wadai khas barabai
palajau,ngaran tanaman nang banyak tumbuh di higaan sungai yang kawa dimakan buahnya,GAP,
gula batu,gula batu atawa gulaan adalah sajanis gugulaan gula gula confectionary nang diulah lawan cara mancairakan gula di dalam banyu pabidaan hingkat pamanasan manantuakan janis gula batu gulaan nang dihasilakan suhu panas mahasilakan gulaan karas suhu manangah mahasilakan gulaan lamah wan suhu dingin mahasilakan gulaan kanyul gulaan dinikmati marga rasa manisnya,gula batu; permen,gula-gula yang bau dan rasanya mengandung campuran minyak perangsang (dari tumbuhan)
humbut,"ujung batang (nyiur, enau dsb) nang masih muda dan lunak serta dapat di makan, umbut",GAP,
jambu siran,buah nang bentuknya mirip hidung bekantan,GAP,
tiwadak,tiwadak adalah tanaman buah buahan matan kulaan moraceae bantukan rasa wan harumnya nangkaya nangka tagal baunya tamirip durian,tiwadak,makanan kulit nangka yang di goreng
sulada,"nama semacam makanan Banjar, berbahan seperti selada, ditambah daging nang dimasak seperti semur, disiram kuah daging tersebut",GAP,
suklat,puhun nang tarmasuk janis tanaman dairah panas nang baisi tinggi kurang lbih 5 6 m babunga wan babuah saban tahun buahnya warna ungu atawa kuning bagantung lawan batang nang ganal babantuk lunjung nang kawa diulah jadi bubuk atawa kristal hagan diulah makanan atawa minuman,GAP,
hundang papai,ebi,udang rebon; udang papai,undang nang hidup di laut dan danau
wadai alpukat,brownis alpukat adalah brownies nang di ulah mamakai alpukat gasan bahan utamanya alpukat nang lembek banar bisa bapangaruh di tekstur hinggan tingkat kakantalan hidangannya kacang hitam jua kawa dipakai dalam hidangan wan dipakai didalam tepung,kue alpukat,"sebuah kue yang dibuat menggunakan bahan alpukat sebagai bahan utamanya, bersama dengan jenis bahan-bahan kue lainnya."
gangan gadang,"sayur nang diulah matan bagian tengah batang pohon pisang, biasanya disuguhkan pada acara perkawinan Banjar",GAP,
tampuyak,"tempoyak, asinan durian, durian nang diasinkan sebagai sambal",tempoyak,makanan yang difermentasi dengan cara tertentu
mi habang,mi habang adalah hidangan nang bantukannya mi nang babalang habang wan banyak ditamui di banjarmasin mi ngini biasanya disajiakan lawan bakso lawan karupuk pangsit mi nang dipakai adalah mi nang diulah matan galapung gandum banyu uyah nang ditambahkan pawarna habang pawarna habang ngini nang maulah mi babalang habang nang hingga jadi sambatan urang banjar gasan manggalari makanan ngini,mi merah,mie yang bewarna merah
jaruk tigarun,asinan matan bunga tigarun,GAP,
ambai,"ngaran semacam tumbuhan merambat, buahnya enak sebagai asinan",ambai,tumbuhan nang ada di sungai merambai rambai
guguduh barandam,"makanan tradisional diulah matan pisang nang dicelupkan pada adonan terigu lalu direbus hingga matang, dimakan dengan santan segar dan gula merah nang dicairkan lebih enak dengan pecahan es batu",GAP,
gangan bilungka,sayur ketimun,GAP,
gangan asam,sayur asam,sayur asem,"Sayur asam atau sayur asem adalah masakan sejenis sayur yang khas Indonesia. Ada banyak variasi lokal sayur asam seperti sayur asam Jakarta (variasi dari orang Betawi di Jakarta), sayur asam kangkung (variasi yang menggunakan kangkung), dan sayur asam ikan asin."
jaruk bawang basihung,asinan matan bawang putih,GAP,
hintalu bajaruk,hintalu bajaruk adalah istilah umum gasan makanan babahan dasar hintalu nang diawitakan lawan cara dijaruk diuyahi banyak gasan manonaktifakan enzim perombak kabanyakan hintalu nang dijaruk adalah hintalu itik walaupun kada manutup kamungkinan gasan hintalu hintalu nang lain hintalu bajaruk baik gasan dikonsumsi dalam waktu satu bulan 30 hari,telur asin,telur itik yang di awetkan
nasi kakal,nasi ketan yang baru dikukus,GAP,
papagan,simpanan makanan,GAP,
pupudak,"kuih nang diulah matan tepung baras, santan dan gula, dibungkus daun pisang berbentuk tonjong lalu direbus",GAP,
dami,"asinan kulit cempedak/nangka, setelah digoreng/dimasak daripada dijadikan lauk/sayur",GAP,
gangan tiwadak baparung,"sayur nang dibuat matan cempedak muda nang dibakar lalu stelah dibersihkan kulitnya, dimasak dengan santan dan bumbu",GAP,
apam batil,"wadai nang dibuat matan tepung beras, santan, gula merah/putih, dan tape singkong",GAP,
halal,makanan nang boleh dimakan umat Muslim,halal,makanan yang di perbolehkan oleh umat islam
pampakin,"ngaran buah sajanis durian. Buah ngini jua dipinandui lawan babarapa ngaran lain, kaya durian kuning, durian tinggang, durian pulu, nyakak, ruas, sakawi, pakawai, wan lain-lain",GAP,
tatarukan,"pucuk-pucukan, sayur-sayuran",GAP,
mi soto banjar,mi nang dimasak ngaran kuah soto banjar,mi soto banjar,"mi soto banjar yang disajikan dalam kuah kaldu ayam atau daging yang kaya rempah, bersama dengan bahan tambahan seperti ayam, daging sapi, telur rebus, dan sayuran seperti tauge dan daun bawang"
jintan,tanaman malayap nang biginya kawa dipakai gasan rarampah duwa tatamba jintan atawa ngaran lainnya cumin rancak dipakai gasan bumbunya gulai opor duwa soto bigi jintan nang dipakai gasan rarampah panjangnya kikira 6 mm pabila disandingakan lawan adas ukurannya tahalus duwa takadap,jintan,tumbuhan menjalar yang bijinya dapat digunakan sebagai rempah-rempah dan obat-obatan.
sosis wina,sosis wina bahasa jerman wiener wurstchen wiener adalah sabuting sosis parboiled tipis nang sacara tradisional diulah matan daging babi wan sapi di dalam salubung usus domba imbahtu dibari asap suhu randah kata wiener adalah bahasa jirman gasan wina di austria istilah wiener kada biasa gasan manyambat makanan ngini nang biasanya disambat frankfurter wurstl,GAP,
limpasu,buah sukun,limpasu,buah sukun yamg memiliki kulit hijau daging putih
jaring,ngaran makanan matan paung tiwadak nang direbus dan dimakan dengan tahilala,GAP,
lumpur surga,kue lumpur surga adalah makanan mahirip agar agar matan santan nang tadua lapis bakalir hijau duwa putih nang tiba banjarmasin wadai ngini barasa bula bula matan santan wan pacah di ilat nang rancaknya dijadiakan pabukaan rahatan bulan puasa,lumpur surga,makanan yang sejenis puding
alua carmi,alua matan buah carmi,GAP,
nyiur,nyiur niur adalah ngaran tanaman matan suku hahanawan atawa arecaceae angguta sabubutingannya dalam genus cocos samunyaan bagian tanaman ngini kawa dipakai manusia makanya inya dianggap tanaman nang saraba kawa ngaran nyiur bisa jua dipakai gasan manyambat buah nang dihasilakan tumbuhan ngini jua,kelapa,"tumbuhan palma yg berpokok tinggi, buahnya ditutupi sabut dan tempurung yg keras, di dalamnya terdapat daging dan air; nyiur, Cocos nucifera"
sop mutiara,sop khas Banjar,GAP,
nasi sup,soto,nasi sop,nasi yang diberikan kuah berisikan sayur dan ayam suir serta ditambahkan telur
buah,bagian buah nang matang dan kawa dimakan,buah,bagian dari tanaman yang mengandung biji dan biasanya dimakan sebagai makanan
walatih,ulatih wadai bipang,GAP,
mandai,"asinan kulit cempedak/nangka, setelah digoreng/dimasak daripada dijadikan lauk/sayur",mandai,terbuat dari kulit nangka muda yang difermentasi dalam air garam
gangan tiwadak baparung,"sayur yang dibuat dari cempedak muda yang dibakar kemudian stelah dibersihkan kulitnya, dimasak dengan santan dan bumbu",GAP,
sarawa gumbili,sarawa matan gumbili,GAP,
jambu aer,jambu aer banjar kuala ngaran ilmiahnya syzygium aqueum adalah tatanaman nang tamasuk bubuhan kukulaan suku jambu jambuan atawa myrtaceae nang baasal tumat asia tunggara jambu aer sabujurnya babeda awan jambu semarang syzygium samarangense kulaan parak diinya nang jua baisi puhun dan buah hampir sarupa mahirip banar babarapa kultivarnya gin jua ngalih dibedaakan makanya am kadua duanya rancak dingarani awan ngaran umum jambu aer atawa jambu haja,jambu biji,jambu nang berisikan banyak air di dalamnya
balungan hayam,wadai has urang banjar kalimantan selatan ngaran wadai ini diambil matan bantuk nang mirip lawan jengger hayam atawa dalam bahasa setempat adalah balungnya ayam,GAP,
jalutung,"buah berbentuk bersegi seper belimbing, kulit tebal berwarna merah, isi buah berulas seperti manggis, dalam satu tangkai terdapat beberapa buah",GAP,
karupuk pipih,karupuk nang diulah matan iwak pipihlikan belida,GAP,
saur,makan sabalum subuh gasan urang nang handak bapuasa,sahur,Makan yang dilakukan Islam sebelum fajar selama bulan Ramadan sebagai persiapan untuk menjalani puasa sepanjang hari
cingkaruk,salah sabuting wadai khas banjar nang diulah matan baras lakatan nang disanga tapi kada baminyak imbah ngitu ditumbuk lawan gula wan paparutan nyiur,GAP,
papuluran,"makanan kecil, suguhan",cemilan; pencuci mulut; kudapan,hidangan penutup (buah-buahan dan sebagainya) yang dimakan setelah makan
pinang,bigi pinang digunaakan gasan manginang ulih masyarakat di kalimantan selatan tarutama bagi urang tuha manginang adalah kagiatan mamakan pinang nang dicampur daun sirih lawan kapur masyarakat nang manginang maanggap itu kawa manguatakan gigi kabiasaan manginang manjadi tradisi turun tamurun salain gasan manginang bigi pinang kawa jua dijadiakan bahan pawarna kain sasirangan khas suku banjar pawarna nang didapatakan matan zat alami kada manimbulakan karusakan alam nang kaya pawarna zat kimia,pinang,"Tanaman yang memiliki batang lurus dan ramping ini memiliki banyak sekali manfaat dan umum dikenal sebagai tanaman obat. Pemanfaatan tanaman pinang selain untuk ekspor ke Tiongkok dan beberapa negara Asia Selatan, di beberapa daerah Sumatra dan Kalimantan dimanfaatkan untuk acara seremonial seperti ramuan sirih pinang untuk upacara adat."
kuranji,"pohon berbuah anggota kulawarga Leguminosae, ganal buahnya kira-kira sama kaya buah anggur",GAP,
siwau,"buah yang mirip rambutan tetapi ukuran seperti kelengkeng dan rambutnya lebih pendek, daging susah dilepas dari biji",GAP,
wadai taradisiunal banjar,dalam adat wan budaya masarakat banjar kalimantan salatan kitihan manis atawa wadai adalah sabuting nang kada kawa tapisah wadai taradisiunal banjar nang bamacam macam baik barupa bantuk rasa wan warna maisaratakan sabuah makna nang tatian dalam kasaharian masarakat dalam ritual adat wadai banyak dipakai gasan sarana palangkap,kue tradisional banjar,"Kue Tradisional Banjar beragam baik berupa bentuk, rasa, dan warna mengisyaratkan sebuah makna yang terkandung dalam keseharian masyarakat. Kue Tradisional Banjar yang disebut juga dengan Wadai. Dalam ritual adat Wadai banyak digunakan sebagai sarana pelengkap."
dunti,pohon halus tumbuh di hutan bantuk daunnya nang kaya bulat intalu pucuknya dilayuakan wan dikaringakan gasan diulah minuman di pabrik wan nang lainnya,GAP,
pais sagu,"makanan matan sagu dan pisang nang dibungkus daun pisang, lalu dikukus, dimakan dengan nyiur parut dan air gula merah",GAP,
waluh,waluh atawa cucurbita spp jawa waluh indunisia labu adalah ngaran tanaman sakali tanam nang malayap nang mahasilakan buah gasan dimakan nang mana masih bakula lawan bilungka duwa milun waluh saurang kawa marujuk lawan ampat macam cucurbita yaitu waluh kuning cucurbita moschata waluh kabocha cucurbita maxima waluh pai japang cucurbita argyrosperma wan waluh manis cucurbita pepo nang mana tanaman ngini banyak tahaga di amirika utara irupa tangah australia salandia hanyar india wan nagara lainnya tamasuk indunisia,GAP,
putaran,"sejenis kuini tetapi buahnya berbentuk bulat, daging berserat banyak, aroma wangi yang khas, rasa manis asam, mengupas dengan cara memotong buah perlahan dan melingkar namun tidak sampai mengenai biji, bagian atas diputar sehingga terlepas dari biji, kemudian biji diputar dengan pisau sehingga terlepas dengan daging bagian bawah, setelah itu baru kulitnya dikupas",GAP,
kue,wadai adalah makanan ulam nang lain pada nasi wadai rajin rasanya banyak macamnya ada nang manis wan ada jua nang masin wadai rancak dimakan gasan camilan haja yang di ulah dari bahan galapung bisa gelapung baras gelapung sagu gelapung tapioka atau gelapung biasa wadai kampung rancak talihat di indunisia malaysia singapura wan belanda nang ada basajarah wan indunisia,kue,"penganan yg bahannya dr bermacam-macam adonan, dibuat dan dibentuk dng berbagai-bagai cara, macamnya banyak sekali"
sarawa,sarawa atawa kulak adalah panyigar hampul barupa jajarangan buah pisang gumbili gumbili layap salut biji nangka atawa umbi singkong nang dibari cairan manis wan gurih di ulah matan gula habang atawa gula jawa wan santan wan dibari daun pandan wangi sabagai pawangi sabagai tambahan kawa jua pakai kolang kaling,GAP,
sosis darah,susis darah atawa bahasa inggris blood sausage adalah susis nang ba isi ukuran ganal matan usus binatang nang diisi darah wan lalamakan susis ngini dimasak pakai cara dijarang sampai isinya bakaras lain pada mamakai darah babi susis kawa di ulah matan darah binatang lain nang kaya sapi anak sapi atawa dumba tagal hasilnya kada tapi baik,GAP,
kapulaga,kapulaga atawa ammomum cardamomum l adalah ngaran tanaman tatamba nang tanyaman ditanam wan diharagu marga rasuk ditanam di dairah trupis ada dua janis kapulaga nang biasa ditanam di indunisia yaitu kapulaga subarang elettaria cardamomum l wan kapulaga biasa kapulaga kada hanya dipakai di makanan tapi juwa gasan minuman duwa tatamba,kapulaga,"biji kapulaga dapat dikenali dari biji polongnya yang kecil, penampang irisan segitiga, dan berbentuk gelendong kumparan, dengan kulit luar yang tipis, dan biji hitam yang kecil."
jambu jalak,buah nang bentuknya mirip hidung bekantan,GAP,
balangkasua,"sejenis buah berbentuk bulat lebih besar sedikit dari anggur merah yang bagian dalamnya berwarna putih, bila sudah tua bagian luarnya merah keunguan dan manis, bila masih muda bagian luarnya hijau muda dan sepat",GAP,
dami,"asinan kulit cempedak/nangka, setelah digoreng/dimasak daripada dijadikan lauk/sayur",GAP,
gandasuli,nama buah berbentuk seperti jagung tetapi ukurannya sebesar kelingking bayi,gandasuli,Gandasuli (Hedychium coronarium J. Koenig) adalah jenis tumbuhan rempah-rempah yang berkhasiat pengobatan.[1] Bagian yang dimanfaatkan terutama adalah rimpangnya.
gagatas habang,gagatas habang marupakan salah satu wadai khas urang banjar nang rasa nya manis nang ba asal matan kalimantan salatan indonesia wadai ngitu makna nya kue amun gagatis dalam bahasa banjar artinya ba makna sagi ampat nang miring wadai ngini babantuk nang kaya jajaran ginjang amun kata habang barasal dari bahasa banjar nang bararti merah lamun kaya itu gagatas habang adalah wadai ba warna habang nang babbantuk sagi ampat nang miring sama lawan konsip wadai banjar nang lain warna habang di wadai ngini ba asal matan gula habang atawa gula jawa nang malambangakan sabagai simbul kahidupan,GAP,
jaruk balimbing tunjuk,asinan matan belimbing sayur,GAP,
kalangkala,"buah hutan Kalimantan, nang masak biasanya diulah masyarakat gasan kawan makan",GAP,
kustila,tumbuhan buah dairah tropis batangnya lurus kada baranting nang kaya palam tagal kada bakayu buahnya badaging kandal wan manis,pepaya,"tumbuhan buah daerah tropis, batangnya lurus tidak beranting seperti palem, tetapi tidak berkayu, buahnya berdaging tebal dan manis; betik; kates; keliki (Carica papaya)"
gula batu tungkat,gula batu tungkat basa inggris candy cane adalah gula batu babantuk tungkat bagaris garis habang wan putih lawan rasa mint saupama damintu gula batu ngini tasadia jua dalam bamamacam rasa kalir wan ukuran garis nang balain lain gula batu tungkat ngini marupakan gula batu taradisiunal gasan natal di amirika sarikat tagal kawa jua ditukar sapanjang tahun,GAP,
kue lam,kue lam adalah wadai has matan barabai hulu sungai tengah kalimantan selatan wadai ngini baisi rasa manis tarasa pina karas amun dijapai wan sadikit pina baminyak wadai lam baisi dua janis wadai lam sumap wan panggang wadai ngini dianggap unik maraga kabanyakan nang maulahnya katurunan arab ngaran wadai ngini jua diambil matan hurup hijaiyah lam,GAP,
sihi,semacam kerang sungai,GAP,
ulaman,makanan pencuci mulut (misal pisang),ulaman,makanan pencuci mulut
nasi halarat,nasi ketan untuk selamatan,GAP,
amparan tatak,"wadai basah has Banjar nang diulah matan galapung baras, santan, gula, banyu kapur, uyah duwa pisang",amparan tatak,kue khas Banjar dari tepung baras
tigarun,tigarun crataeva nurvala crataeva adansonii adalah tanaman trupis bakayu sajanis puhun nang tamasuk dalam kaluarga tanaman capparaceae tanaman ngini tumbuh tawantar di banua asia lantaran iklim trupis nang cucuk gasan tanaman tumbuh tigarun rancak ditamui di hutan gahung atawa pinggir sungai tigarun jua baisi ngaran lain nangkaya garlic pear templeplant three leaved caper inggris tonliem kamboja yu mu yiu tu chih tiongkok banugan salingbobog filipina gyo boku japang varuna india dalam bahasa indunisia banyak nang mengarani tanaman ngini sesuai lawan wadah tumbuhnya misalnya ada nang menyambat tanaman sempal wadak barunday sibaluak tigaron,GAP,
kambang durian,wadai kambang durian adalah wadai karing jaman bahari tiba urang suku betawi urang betawi biasanya manyajiakan wadai kambang durian ngini pas hari raya pitrah gasan kikimulan tamu nang datang bailang,kembang goyang,Salah satu kue tradisional khas Betawi dan juga di Malaysia. Nama kembang goyang berasal dari bentuknya yang menyerupai kelopak bunga atau kembang dan proses membuatnya sambil goyang atau joget untuk daya tarik terhadap pembeli.
cincin,"kuih nang diulah matan tepung talipuk/tepung baras dan gula merah berbentuk bundar pipih, pada bagian tengah memiliki empat lubang, lalu digoreng",GAP,
kararaban,wadai kararaban adalah wadai yang di katujui buhan banjar karena rasanya nang manis wan baunya yang harum wadai kararaban merupakan wadai ciri khas dari kalimantan selatan biasanya wadai kararaban banyak diulah orang banjar sagan takjil babuka puasa wan wadai kararaban ada jua disediakan rahat acara ganal kaya baaruh wan lain lain,GAP,
buras,"sabuting makanan khas dairah di Indunisia, Sulawesi Salatan wan Kalimantan Salatan",buras,
langsat tanjung,semacam langsat nang rasanya sangat manis dan bentuk agak panjang,GAP,
asam kamal,sabuting buah nang baisi rasa masam; salajur jua ngaran rapun nang mahasilakannya nang masih masuk dalam kaluarga Fabaceae (Leguminosae),asam jawa,"buah asam, yang keras dan diawetkan, dipakai sebagai bumbu untuk memasak"
untuk untuk,untuk atawa untuk untuk adalah salah sabuting wadai has suku banjar wadai ngini kawa didapati di sabarataan dairah di kalimantan salatan untuk untuk rancaknya jadi makanan baisukan urang banjar suwalih makanan nang lain untuk rancaknya nyaman dimakan wayah masih panas panas untuk untuk bantuknya bulat atawa lunjung wadai ngini nyaman banar diulah gasan maulah untuk untuk adunannya sama haja kaya maulah roti antara lain campuran galapung hintalu santan mentega gula wan ragi untuk untuk ngini isiannya bamamacam jua ada nang isi hinti pisang kacang hijau kacang tanah tagal nang paling banyak ngitu isi hinti campuran parutan nyiur lawan gula habang bidanya antara untuk untuk lawan roti lamun roti ngitu diubar di tungku lamun untuk untuk ngitu disanga di dalam minyak nang panas atawa kawa jua disumap untuk basumap bantuknya mahirip lawan bakpao,untuk untuk,"kue khas Suku Banjar yang berasal dari Kalimantan Selatan, yang umumnya disantap sebagai makanan penutup. Untuk-untuk terbuat dari adonan yang serupa dengan roti (terdiri dari tepung, telur, mentega, santan, gula dan ragi) yang dibentuk menjadi bentuk lonjong atau bulat."
gumpal,gumpal adalah salah asa wadai has suku banjar di kalimantan selatan wadai gumpal bantuknya bulat kira kira sama kaya bal tenis wadai gumpal diulah matan gumbili bajarang nang ditumbuk dicampuri gula sadikit uyah imbah ngitu dimumuri adunan galapung basah hanyar disanga di dalam minyak bahan bahan gasan maulah wadai gumpal ngitu nyaman banar kada ngalih dicarii bahan bahannya antara lain gumbili galapung baras gula pasir uyah banyu putih gasan mancampurakan galapung jadi adunan pakai manyanga,gumpal,adonan gelapung nang di gumpal
santan,air perahan nyiur nang sudah dikukur,santan,air perahan kelapa yg sudah dikukur
sarawa waluh,sarawa matan waluh,GAP,
hundar,nama sejenis buah,GAP,
durian kuning,durian nang warnanya kuning,durian kuning,durian yang berwarna kuning
kupi aranio,"kupi istimiwa nang baasal matan tawiringan Pagunungan Meratus, Kabupatin Banjar, Kalimantan Selatan",kopi aranio,"kopi spesial yang berasal dari lereng Pegunungan Meratus, Kabupaten Banjar, Kalimantan Selatan."
apel,"buah nang rancaknya bawarna habang kulimbitnya amun masak wan (hadap dimakan), tagal kawa jua kulimbitnya bawarna hijau atawa kuning",apel,"pohon yg buahnya berdaging keras dan mengandung air serta berkulit lunak yg warnanya merah (kemerahan) atau kekuning (kekuningan), jika matang rasanya manis keasam-asaman; Pyrus malus"
rabung,"anak buluh nang masih kecil dan masih muda, biasa dibuat sayur",rebung,"anak (bakal batang) buluh yg masih kecil dan muda, biasa dibuat sayur"
itik,ngaran burung nang tinggal di air,bebek,sejenis angsa yang bisa tinggal di air dan di darat
acan,bumbu masakan nang diulah matan hundang atawa iwak halus nang ditumbuk lanik dipakai gasan sambal atawa gasan manyamani makanan,acan; terasi,udang fermentasi sebagai penyebab makanan
rarambanan,sayur-sayuran,GAP,
balikuhai,wadai nang macam wafel tapi matan tepung beras,GAP,
ancah,"banyu gulai (sayur, daging, dan lainnya), biasa dimakan bersama dengan nasi",GAP,
bingka kentang,bingka kentang marupakan salah sabuting janis matan bingka wadai tradisiunal indunisia matan kalimantan selatan bahan paling panting matan paulahan bingka kentang adalah kentang nang sudah dijarang wan diramuk ramuk atawa dibalindir salain kentang wadai ngini jua diulah matan bahan bahan nang lain nang kaya santan hintalu nyiur baparut gula dan wan uyah wadai ngini diharagu di panggangan oven atawa bisa jua disumap bingka kentang baisi rasa nang liwar nyaman bantukannya bamacam macam tapi biasanya barupa kambang kambang atawa bintang bintang,bingka kentang,"kue yang terbuat dari campuran tepung ketan, kelapa parut, dan gula, dan kentang kemudian dimasak dengan cara dikukus hingga matang"
salam tumbuhan,salam adalah ngaran tanaman nang diambil daunnya gasan rarampah nang dipakai dalam makanan di indunisia ngaran lain daun salam dalam basa inggris disambat lawan indonesian bay leaf atawa indonesian laurel tagal ngaran ilmiahnya adalah syzygium polyanthum,salam,"digunakan terutama sebagai rempah pengharum masakan di sejumlah negeri di Asia Tenggara, baik untuk masakan daging, ikan, sayur mayur, maupun nasi."
bulanak,sejenis iwak laut teropis dan subtropis nang bentuknya parak manyarupai bandeng,GAP,
tangkawang,nama pohon yang buahnya dijadikan bahan makanan,GAP,
tarap,tarap adalah ngaran buah nang mahirip tiwadak tapi balain bandanya lamun diandak bahigaan lawan rambutan cagaran kalihatan nangkaya rambutan ganal lawan pas dibuka dalamnya banyak baisi buah nangkaya buah rambutan buah tarap dalam bahasa ilmiah dingarani artocarpus odoratissimus biasanya buah tarap tahalus pada buah nangka tagal banyak juwa urang bapadah buah ngini mahirip duwa buah sukun pada buah buah nangka,GAP,
jajaringan,"nama kuih matan tepung baras dibentuk sebesar jengkol dan dikukus, dimakan dengan tahilala/santan kental nang dimasak hingga airnya habis",GAP,
barakat,makanan nang dibawa pulang sehabis kenduri,GAP,
apam barenda,"makanan ringan khas matan Kota Barabai, Kabupatin Hulu Sungai Tengah",GAP,
nasi tambak,nasi lembek nang dipadatkan seperti ketupat,GAP,
gagampam,"makanan nang diulah matan ubi nang direbus lalu dicampur gula dan nyiur, getuk",GAP,
rangas,nama sejenis pohon/buah,GAP,
ipau,"wadai banjar nang berwarna putih, berbentuk bulat dengan taburan daging di lapisan atasnya dan memiliki tekstur lembut",GAP,
is buah,minuman has Banjar nang dicampur is dan buah,GAP,
pais pisang,"makanan khas Banjar berbahan dasar tepung, santan atau nyiur parut, pisang nang dipotong kecil-kecil, gula pasir dan air, dibungkus daun seperti pepes tetapi tidak menggunakan lidi, ujung daun hanya dilipat, lalu dikukus",GAP,
mi bancir,mi bancir adalah makanan mi has urang banjar matan kalimantan selatan mi ngini dingarani damintu marga disurungakannya kada karing wan kada jua basah lawan di atasnya diandaki daging ayam kampung hintalu itik tambak wan limau kuit nang has kalimantan selatan makanan ngini jadi tasuhur di luar kalimantan selatan marga usaha agus sasirangan nang jadi juara dua dalam paturaian masak masterchef indonesia musim panambaian,GAP,
nasi astakona,"nasi yang dimasukkan ke dalam talam astakona yang bersusun tiga tingkat, pada bagian atas nasi diletakkan udang secara melingkar untuk hiasan, pada tingkat atas taiam diletakkan seekor ayam matang, hidangan ini untuk penyambutan tamu agung",GAP,
toman,iwak nang hirip lawan iwak haruan tagal taganal,GAP,
masakan jerman,masakan jerman bamacam macam matan wilayah ka wilayah nang lain wilayah bayern wan swabia baisi tradisi masakan nang mirip lawan tatangga buhannya di salatan swiss wan austria babi sapi wan unggas adalah daging utama nang rancak dimakn di jkrman di antara unggas ayam adalah nang paling rancak biar bebek angsa wan kalkun juga dimakan,GAP,
hundang ramuyan,hundang kacui nang ada di sawah,GAP,
kikicak,"nama kuih matan tepung ketan, dibentuk sebesar kelereng, dimasak dengan santan dan gula merah",GAP,
nangka walanda,"tumbuhan baguna nang ba'asal matan Karibia, Amirika Tengah wan Amirika Selatan",sirsak; nangka belanda,"pohon tinggi, kulit buahnya berduri-duri pendek dan lunak, isinya berwarna putih serta berbiji banyak; nangka belanda; Anona muricata"
tauman,iwak nang hirip lawan iwak haruan tagal taganal,GAP,
wadai sumapan,kuih-kuih nang dimasak dalam talam nang dikukus,GAP,
gaguduh ayam,gaguduh ayam atawa ayam bagalapung adalah makanan nang diulah matan ayam nang ditatak halus halus dilapisi galapung atawa adunan incir nang babumbu nang imbah ngitu disanga disanga barandam disanga di rinjing batakanan atawa disanga kada baminyak galapungnya ngini cagaran manambahi ranyah atawa karak di luarnya salajur manahanakan kalambutan wan kadar banyu dalam daging gaguduh ayam ngini biasanya mamakan ayam ras,ayam tepung,ayam yang dibaluri dengan tepung lalu digoreng dengan minyak panas.
bubur randang,"makanan nang diulah matan tepung sagu dibentuk butiran kecil, dimasak dengan gula merah dan dimakan dengan santan segar",GAP,
ilat,ilat dari hewan nang dipakai untuk masak,lidah,lidah
sahur,sabuting istilah Islam nang marujuk ka aktipitas makan ulih umat Muslim nang digawi wayah sabalum subuh gasan nang cagar manggawi ibadah puasa di bulan Ramadan,sahur,esbuah istilah Islam yang merujuk kepada aktivitas makan oleh umat Islam yang dilakukan pada dini hari bagi yang akan menjalankan ibadah puasa pada bulan Ramadan.
alua kanas,alua matan buah kanas,GAP,
minuman hampul,minuman hampul adalah minuman nang kada mangandung alkuhul wan adalah lawan kata matan minuman karas rancaknya istilah ngini wastu dipakai gasan minuman dingin kupi tih langat suklat langat kada dianggap sabuting minuman hampul,GAP,
kipung,mamakan iwak atawa sayurnya haja kada banasi nasian bisa maraga iwak atawa sayurnya nyaman banar atawa maraga lagi kada tapi mau makan nasi,GAP,
karupuk gandum,karupuk nang diulah matan terigu,GAP,
nasi pundut,"nasi nang dimasak dengan santan, dibungkus dengan daun pisang, dikukus",GAP,
bubur gunting banjar,bubur gunting adalah salah sabuting makanan matan indonesia nang tiba kalimantan selatan bubur gunting biasanya babantuk panjang kicul duwa tarasa kinyul wan rancak disajikan pas rahatan babuka puasa,GAP,
sate tulang,sate ayam has Banjar,sate tulang,"sate yang tidak menggunakan tulang sebagai bahan utama, melainkan potongan daging ayam yang dekat dengan tulang,"
lapis legit,lapis legit atawa spekkoek adalah ngaran wadai balapis lapis nang rasanya manis banar wadai ngini dikambangakan wayah panjajahan walanda rarampah gasan maulah wadai ngini mahirip lawan wadai lapis tagal kada diganti lawan buah pala wan adas,lapis legit,kue yang di lapis bertumpuk memiliki rasa manis
kalangkala padi,kalangkala yang ukurannya lebih kecil dan rasanya lebih manis,GAP,
bakpao,"makanan tradisional Tionghoa, bungkusan (baisi) daging",bakpao,kue spt roti terbuat dr terigu dng isi daging atau kacang hijau
limping pisang,lempeng nang bahannya ditambahi pisang nang dipotongan kecil-kecil,GAP,
lakatan bahinti,lakatan bahinti adalah wadai khas indunisia khususnya bubuhan banjar nang tadiri matan lakatan nang dibari serundeng sarunding atawa nyiur parut nang dicampur lawan gula habang daun pandan banyu garam wan kayu manis,lakatan bahinti,wadai khas banjar nang baisi lakatan
hundang bajang,hundang laut nang seganal telunjuk,GAP,
jawaw,"puhun tahunan tropika dan subtropika matan kulawarga Euphorbiaceae, bungkahnya dipinandui sacara lumbah sabagai makanan pukuk panghasil karbohidrat wan daunnya sabagai sayuran.",ubi kayu; singkong,singkong; ketela kayu
gangan walatung,sayur berkuah dengan bahan dasar walatung,GAP,
gargadil,gargadil adalah ngaran wadai nang bantukannya melengkung nangkaya bulan sabit higanya baulir wan bagalumbang halus halus di kulitnya gargadul diulah matan galapung gandum gasan kulitnya nang disanga mamakai minyak lamak nang tabanyak pada biasanya isinya bisa daging giling kiju mozzarella suwiran ayam duwa kiju sampai undang sayur suun lawan intalu bajarang,GAP,
gangan humbut,gangan nang dibuat matan labu dan humbut,GAP,
cancarum,cancarum adalah ngaran tanaman rarambaan halus nang daunnya kawa dimakan jadi gangan atawa dimakan mantah daunnya babau harum nang kuat tagal ada saikit babau limau daun cancarum ngini rajin dipakai urang lamun handak mamais lamun dimakan gasan gangan rajin duwa daun kul bilungka bahiris duwa sambal nang rajin juwa tapaimbai lawan ayam atawa iwak basanga di thailand daun cancarum disambat lawan ngaran manglak nang rancak ada tarus di makanan buhannya,kemangi,Kemangi adalah terna kecil yang daunnya biasa dimakan sebagai lalap.
suklat,makanan nang bahan utamanya matan buah coklat,coklat,"pohon yg bijinya dibuat campuran minuman dsb, Theobroma cacao"
ginalun,ginalun atawa lapisanthes alata adalah tanaman nang tumbuh di daerah nang paling pedalaman kalimantan ginalun rancak tumbuh di tanah nang subur wan banyak mangandung hara talindungi matan cahaya matahari langsung sarta kalambapannya cukup tinggi pohon ginalun sedikit lebih tinggi matan tanaman kalalayu yakni 5 7 meter diameter batangnya kawa mancapai ukuran paha urang tuha kulit batangnya berwarna cokelat tua wan permukaan kada begitu halus wan kada mengilat batangnya lebih layat atawa liat dibanding akan pohon kalalayu dahan wan rantingnya tumbuh di batang tapi kada tapi banyak wan jaraknya jarang nang kaya tumbuhan kalalayu daunnya jua kada damintu labat,Ginalun,Ginalun (Lepisanthes alata) adalah tanaman buah yang tumbuh di pedalaman Kalimantan. Ginalun juga dikenal dengan nama balangkasua atau perupuk.
nasi hahadap,"nasi ketan yang diberi hiasan irisan telur dadar yang ditata daiam sebuah talam, sebagai hidangan pada upacara perkawinan yang diletakkan di depan pengantin",GAP,
hundang,hundang adalah binatang nang hidup di perairan khususnya sungai laut atawa danau hundang baulih ditemukan di babaya semua genangan banyu nang berukuran ganal baik banyu tawar banyu payau maupun banyu asin pada kedalaman bervariasi matan parak permukaan hingga beberapa ribu meter di bawah permukaan hundang biasa dijadikan makanan laut seafood,udang,udang nang ada di laut atau danau
hundang salatanan,hundang nang ada wayah angin salatan,GAP,
jaruk tiwadak,asinan kulit cempedak,GAP,
gangan haruan,sayur berkuah yang dimasukkan ikan gabus,sop ikan,sop atau sayur kuah yang berisi ikan.
gumbili nagara,ubi jalar nang berukuran besar dan berwarna putih,GAP,
nasi soto,"soto dengan nasi, tanpa ketupat",GAP,
tih manis,tih nang ditambahi gula,teh manis,teh yang di tambah gula biar manis
cacapan,"sambal, asinan",sambal; asinan,"Sesuatu sejenis sambal, asinan, yang manis, yang bisa di colek untuk makanan tertentu"
pundut nasi,pundut nasi adalah makanan tradisional matan kalimantan salatan diulah matan nasi nang dikukus wan dihidangkan lawan santan wan jua kuah habang pundut dalam bahasa banjar adalah bungkus karana makanan ini dibungkus badaun pisang pundut nasi kawa ditamui di pasar tradisional atawa di warung makan tradisional khas banjar,GAP,
rimpi,rimpi atawa nang labih dipinandui ulih urang luar kalmantan selatan sabagai pisang sale adalah makanan has aceh nang diulah matan buah pisang nang dibalah dua imbah tuh dijamur tujuan manjamur buah pisang ialah gasan mangurangi kadar banyu buah pisang jadi rimpi kawa talawas disimpani rimpi ini kawa langsung dimakan atawa disanga hulu lawan galapung,GAP,
pancuk,rujak buah-buahan,rujak,"makanan yg dibuat dr buah-buahan sering disertai sayuran yg diiris (ditumbuk dsb) kemudian diberi bumbu yg terdiri atas asam, gula, cabe, dsb banyak macamnya spt -- tumbuk; -- ulek"
apel habang,apel nang berwarna habang,apel merah,apel yang berwarna merah
aambai,"ngaran semacam tumbuhan merambat, buahnya enak sebagai asinan",GAP,
buka puasa,sabuting pajamuan makan wayah Muslim babuka puasa salawas bulan Ramadan,GAP,
persik,persik prunus persica adalah salah sebuting spesies prunus nang aslinya matan cina tanaman ini tamasuk janis mawar mawaran cabangnya banyak kambangnya habang anum daging buahnya kandal babiji tunggal monokotil,persik,"tanaman jenis mawar, bercabang banyak, berbunga merah jambu, buahnya berdaging tebal, berbiji tunggal, dan dapat dimakan (Prunus persica)"
cangkaruk,nama makanan matan ketan digoreng tanpa minyak ditumbuk dengan gula dan parutan nyiur,GAP,
ramen,masakan mi kuah Japang nang baasal matan Tiongkok,ramen,Makanan mie kuah jepang
cangkaruk,wadai khas banjar nang diulah matan baras lakatan nang disanga tapi kada baminyak imbah ngitu ditumbuk lawan gula wan paparutan nyiur,GAP,
pupuluran,makanan nang kaya wadai wan sawagainya nang dimakan antara wayah makan,GAP,
pabukaan,makanan nang buat buka puasa,GAP,
kuih seri muka,wadai has Banjar nang terbuat dari beras dan pandan,GAP,
kupuan,buah yang bentuknya mirip tarap tetapi kulit luar tidak berbulu dan daging lebih besar,GAP,
bubur gunting,"pangan nang diulah matan tepung sagu nang dipadatkan, digunting kecil-kecil membentuk jajaran genjang lalu direbus bersama santan dan gula merah menyerupai kolak",bubur gunting,"makanan yang dibuat dari campuran tepung beras dan air, dimasak hingga kental, kemudian dipotong-potong kecil seperti gunting"
petah arab,petah arab adalah makanan nang diulah matan daging masak karih lawan galapung gandum nang asalnya matan kampung arab di banjarmasin kalimantan selatan petah arab marupakan makanan nang dipangaruhi lawan budaya makanan urang arab sasuai ngarannya panyajian petah arab mahirip lawan dadar gulung tagal balainan mulai bahan sampai ka cara maulahnya,GAP,
gindalun,"sejenis buah berbentuk bulat lebih besar sedikit dari anggur merah yang bagian dalamnya berwarna putih, bila sudah tua bagian luarnya merah keunguan dan manis, bila masih muda bagian luarnya hijau muda dan sepat",GAP,
hintalu karuang,hintalu karuang adalah makanan has babantuk bubur matan kalimantan selatan amun dalam bahasa indunsia hintalu baarti telur amun karuang baarti ngaran burung nang hidup di hutan hutan kalimantan pambarian ngaran bubur ngini maraga rupa bubur nang bulat bulat kaya hintalu nang jadi ciri has matan bubur ngini,GAP,
tampuyak,tampuyak marupakan parian pamakan khas urang malayu di sumatra nang taulah matan prusis mamalamakan durian makanan ini rancak dimakani gasan cacapan bumbu panyadap hingga palangkap bahan masakan rasa tampuyak adalah masam yang disababkan oleh prosis fermintasi pada buah durian oleh baktiri asam laktat,tempoyak,makanan yang difermentasi dengan cara tertentu
haruan,iwak haruan malaysia ikan haruan indunisia betawi ikan gabus brunei lauk dalak adalah saikung iwak buas nang hidup di banyu tawar iwak ini dipinandui lawan barandak ngaran di macam macam dairah aruan haruan mly bjn kocolan btw bogo sd bayong bogo licingan bms kutuk jw dan lain lain dalam basa laut gin disambat lawan macam macam ngaran nangkaya common snakehead snakehead murrel chevron snakehead striped snakehead lawan gin aruan ngaran ilmiahnya adalah channa striata bloch 1793,ikan air tawar,"ikan yang sebagian atau seluruh hidupnya berada di ekosistem perairan tawar, terbagi menjadi tiga kelompok, primer (sama sekali tidak toleran terhadap air asin), sekunder (sedikit toleran terhadap air asin), dan periferal (sangat toleran terhadap air asin sehingga dapat bergerak jauh antara perairan laut dan tawar)"
kalinci,kalinci atawa nang dalam babarapa dialik basa banjar dikiau kucing arnab ngitu adalah binatang mamalia matan kulawarga leporidae bahari binatang ngini hidup di aprika sampai daratan irupa tahun 1912 kalinci dimasukakan ka dalam ordo lagomorpha ordo ini dibagi pulang dalam dua kulawarga famili ochtonidae janis pika nang pintar basiul lawan leporidae tamasuk di dalamnya ngitu janis kalinci lawan terwelu,kelinci,"hewan mamalia dari famili Leporidae, yang dapat ditemukan di banyak bagian bumi. Kelinci berkembang biak dengan cara beranak yang disebut vivipar. Dulunya, hewan ini adalah hewan liar yang hidup di Afrika hingga ke daratan Eropa."
hintalu paskah,hintalu paskah baasal matan taradisi kasuburan kaum indu irupa di mana hintalu adalah simbul musim sami wayah masa halam di pirsia urang rancak babagi hadiah hintalu pas wayah parayaan musim sami nang bagi bubuhannya jua manandaakan dimulainya tahun nang hanyar,GAP,
wajik anum,"wajik nang diulah matan baras ketan dan gula merah nang dimasak encer, biasanya untuk hidangan atau jamuan setelah selesai pembacaan doa arwah",wajik,"penganan yg dibuat dr campuran ketan, gula, dan kelapa"
lahung,sajanis durian tapi kulit luarnya bawarna habang wan baunya haruk,GAP,
amplang,"makanan semacam karupuk nang bentuknya seganal jari, dari iwak dan tapioka",amplang,Kerupuk dari ikan tenggiri
gadung,semacam tanaman dengan umbi nang beracun,gadung,"Gadung (Dioscorea hispida) adalah sejenis tumbuhan berumbi dari suku uwi-uwian (Dioscoreaceae) yang umumnya dipakai sebagai tanaman pangan. Gadung menghasilkan umbi yang dapat dimakan, tetapi mengandung racun yang dapat mengakibatkan pusing dan muntah apabila kurang benar pengolahannya."
iwak karing sapat,iwak sapat nang dikeringkan,GAP,
kakicak,kue khas masyarakat banjar kalimantan selatan wadai ngini dikatahui matan tampatnya yaitu bawarna hijau wan babantuk bulat baukuran halus kaya tutup botol bahan utamanya adalah tepung ketan nang maulah teksturnya licin salain itu wadai ini jua biasanya dimakan basamaan lawan hinti atawa kelapa parut nang dicampur gula merah salain matan tepung ketan ada jua panjual kue ini nang maulahnya matan ubi kayu,GAP,
gangan,sayuran yang dimasak,gangan,"Gangan adalah makanan khas yang bahan utamanya terbuat dari ikan yang berasal dari Pulau Belitong, Provinsi Bangka Belitung.[1] Gangan biasanya di olah dengan menggunakan bumbu seperti Cabe, Kunyit dan Kemiri yang kemudian bumbu-bumbu tersebut dihaluskan."
nasi karing,nasi kering,nasi karing,nasi kering
untuk,nama kuih semacam bakpao tapi digoreng,GAP,
ramban,sayur,GAP,
wadai lapis hula hula,wadai lapis khas Banjar nang banyak dijual waktu puasa,kue hula-hula,"hidangan berupa kue santan dua biasanya berlapis-lapis, berwarna hijau dan putih yang berasal dari Banjarmasin. Kue ini memiliki cita rasa manis dan lembut dan biasanya dijadikan takjil saat Ramadan."
masisin,"sejenis tanaman karamunting, tetapi kulit buahnya lebih halus dan berwarna ungu kehitaman dengan daging lebih empuk",GAP,
kamaboko,adalah sambatan gasan bamamacam makanan ulahan matan iwak nang dihalusakan dicitak di atas saputung kayu wan dimatangakan lawan cara dikukus hirisan kamaboko kawa langsung dimakan haja atawa dipakai jadi palangkap wan hiasan bamamacam makanan bakuah kaya ramen soba atawa udon,GAP,
talih ayam,"kantung andakan makanan di gulu ayam, nyaman dimasak macam sayur atawa karupuk",GAP,
coca cola,coca cola atawa coke adalah minuman basuda kola nang dijual di babagai restoran pancarekenan wan masin pangecer di labih matan 200 nagara minuman ngini diulah ulih the coca cola company coke adalah salah asa merek nang paling dipinandui wan paling lumbah penjualannya saingan utamanya adalah pepsi,coca cola,"Coca-Cola adalah minuman ringan berkarbonasi yang dijual di toko, restoran dan mesin penjual di lebih dari 200 negara."
gaguduh ayam,"makanan nang diulah matan ayam nang ditatak halus-halus, dilapisi galapung atawa adunan incir nang babumbu nang imbah ngitu disanga, disanga barandam, disanga di rinjing batakanan atawa disanga kada baminyak",ayam tepung,ayam yang dibaluri tepung lalu digoreng dengan minyak panas.
julung julung,sagarumbung iwak nang mahuni parmukaan (zona epipelagik) nang banyak tasabar di daerah nang banyunya langat kuku,GAP,
janar,sabuting tanaman rarampah wan tatamba asli matan wilayah asia tunggara tanaman ngini dudinya mangalami pasabaran ka banua indo malaysia indunisia australia wan jua aprika babaya saban urang indunisia india wan bangsa asia awamnya suah mamakan rarampah ngini gasan palangkap bumbu masakan jamu atawa gasan manjaga kawigasan wan kabungasan janar adalah rarampah nang rancak dipakai dalam masakan di nagara nagara asia,kunyit,"nama tumbuhan, umbinya kuning, untuk obat, rempah-rempah, dsb, Curcuma domestica"
alua kastela,alua matan buah kastela,GAP,
masakan aceh,masakan aceh adalah masakan urang aceh di sumatra indunisia masakan ngini banyak dipinandui urang di indunisia panjaja arab persia wan india umpat mampangaruhi makanan di aceh tagal rasa sudah maubah bantuk asalnya bumbu nang rancak ditambahi ka dalam masakan aceh rancak ditamui jua di masakan india wan arab kaya tipakan sahang katumbar janar cangkih kayu manis kardamum wan adas banyak makanan aceh nang dimasak duwa kari atawa santan nang biasanya gasan mamasak daging kaya hadangan daging sapi daging kambing daging biri biri iwak atawa ayam,GAP,
gangan hubi,sayur berkuah nang berbahan ubi-ubian,GAP,
banih,hasil padi nang belum dikiling,benih,benih bagian dari tanaman yang digunakan sebagai bibit untuk ditanam dan ditumbuhkan menjadi tanaman baru
putu,"nama kuih putu diulah matan tepung ketan, gula dan nyiur, terbungkus dengan daun pisang, dikukus",GAP,
hambawang,"sejenis kuini tetapi kulit buahnya berbercak kehitaman, aromanya tidak seharum kuini, dan getahnya dapat menyebabkan kulit melepuh",GAP,
dendeng itik,dendeng nang terbuat matan itik,dendeng itik,"Dendeng itik adalah makanan olahan khas Hulu Sungai Utara, Kalimantan Selatan, yang terbuat dari daging itik."
kukulan,nasi nang dikukus,GAP,
kacang putih,"kacang-kacangan yang dibudidayakan sebagai tanaman pangan, berbuah kecil-kecil, berwarna hitam atau kuning keputih-putihan",kacang putih,"kacang-kacangan yang dibudidayakan sebagai tanaman pangan, berbuah kecil-kecil, berwarna hitam atau kuning keputih-putihan"
patin baubar,patin segar yang dimasak dengan tungku yang berasal dari bara api tempurung kelapa,GAP,
limping,"makanan nang diulah matan galapung gandum, hintalu, uyah, lalu didadar",GAP,
hundang galah,hundang nang ganal dan panjang,udang galah,undang besar dan panjang
talam bawang,talam bawang adalah salah sabuting macam matan wadai talam wadai tradisiunal indunisia nang diulah matan bahan bahan nang kaya galapung gandum atawa galapung baras santan gula daun pudak wan bawang habang wadai ngini baisi lapisan bawah nang takaras wan lapisan atas nang pina talamah wan baluang luang halus ngaran talam bawang baasal matan bawang habang nang dipakai gasan bahan dalam adunannya,GAP,
nasi barakatan,nasi dan lauk matan selamatan,GAP,
rukam,"ngaran tanaman hutan nang baduri wan kawa ditamui di samunyaan wilayah di Indunisia mulai Sumatra, Maluku, Bangka Belitung lawan Kalimantan",GAP,
klepon martapura,klepon nang has martapura,klepon; kelepon,"kue yg dibuat dr tepung pulut yg dibulat-bulatkan, diisi gula merah, dan dilumuri kelapa parut"
jaruk ramania,asinan matan buah gandaria,asinan ramania,asinan yang terbuat dari buah ramania
dadar gunting,dadar gunting adalah kue khas masyarakat banjar kalimantan selatan hidangan ngini mahirip duwa panekuk tipis nang diulah matan adunan bahan dasar galapung baras atawa galapung gandum nang imbah ngitu diulahi lawan campuran parutan nyiur wan gula habang nang sudah dicairakan,dadar gunting,
bingka barandam,bingka barandam adalah wadai has di kalimantan selatan masi wadai ngini nyaman didapati di bulan ramadhan banyak urang yang bajual bingka barandam pas bulan ramadhan karana nyaman dimakan gasan buka puasa mun dijapai tekstur wadainya lamah uniknya wadai ngini dimakan pakai kuah pas banar wan ngarannya ada kata barandam kuah bingka barandam rasanya manis banar karana diulah dari banyu gula tapi wadainya hambar jadinya sasuai haja mun dimakan pakai kuah yang manis,GAP,
selada banjar,selada has Banjar,GAP,
wadai tiwadak,wadai tiwadak adalah wadai has matan kalimantan selatan asal muasal wadai ngini matan buah tiwadak nang kawa diulah wadai wadai tiwadak dingarani urang jua gaguduh tiwadak artinya buah tiwadak nang dipulun urang lawan gandum nang likat sadikit imbah dipulun lawan gandum langsung disanga di dalam rinjing gaguduh tiwadak rancak ditamuni di warung kupi rahatan musim tiwadak banyak babuah,GAP,
gangan katuyung,sayur berkuah santan yang berbahan katuyung,GAP,
palipisan,palipisan mangifera casturi adalah salah sabuting janis buah kasturi buah endemik nang baasal matan kalimantan buah palipisan mirip banar wan kasturi tapi paawakannya pina tapanjang palipisan babantuk elip panjangnya sakitar 6 6 3 cm wan libarnya 3 4 cm kulit buahnya bawarna habang panar wan kada bawarna hirang amunnya sudah masak daging buah bawarna jingga nyarak mangandung sarat wan kada babau harum kaya kasturi,GAP,
iwak pakasam,"makanan babahan dasar iwak nang dimasinkan malalui paroses param lawan uyah, Iwak nang diparam, dicampur lawan taburan baras katan nang sudah disanga, Iwak nang akan dijadiakan Pakasam kawa janis apa haja, Tagal nang paling diminati adalah Pakasam anakan iwak wan Pakasam Papuyu.",GAP,
karatau,karatau atawa murbei atawa kartau atawa mulberry adalah sabuting tanaman nang unik wan bakaraktaristik kaunikannya ngini kawa dilihati matan wujud buah wan warnanya tanaman karatau asalnya matan tiungkuk sabalah utara imbah ngitu banyak jua tumbuh di nagara nagara sakulilingnya karatau adalah tanaman nang kada ngalih baadaptasi jadi kawa dibudidayaakan di nagara nang baisi iklim trupis wan subtrupis tagal kada di tiungkuk haja atawa wilayah asia macam flora genus morus ada jua nang asalnya matan aprika wan amirika,karatau; murbei,"tumbuhan perdu, daunnya mirip daun kembang sepatu yg dapat dijadikan makanan ulat sutera, buahnya agak masam dapat dimakan atau dibuat bahan sirup"
lontong orari,lontong bentuk segitiga dengan kuah habang,lontong orari,"lontong dihidangkan dengan berbagai lauk seperti sate, kuah kari, atau gulai, dan memiliki tekstur yang lebih padat dan kenyal dibandingkan lontong biasa."
ilat sapi,ilat sapi adalah wadai tradisiunal nang bantukannya bapanjang nangkaya ilat lawan biasanya bakalir habang tuha wadai ngini ditamui di kalimantan selatan kalimantan tengah lawan kalimantan timur biasanya wadai ilat sapi disaji gasan kikimulan rahatan santai atawa papuluran rahatan nginum kupi duwa tih,ilat sapi,wadai tradisional yang berbentuk seperti lidah sapi
anaw,pohon janis palem umbut batangnya baisi sagu nang kawa dimakan ijuknya hagan hatap rumah wan sabagainya niranya disadap hagan diulah gula aren bagat kabung mergat,GAP,
kalawak,kalawak atawa kaluak ngaran lain kepayang kluwek kluak keluwek adalah tumbuhan babantuk puhun nang tumbuh liar atawa satangah liar,GAP,
jalawat,iwak jalawat,GAP,
maritam,"buah yang berukuran sebesar rambutan, kulit luar berduri tumpul seperti durian, kulitnya lebih tebal dari rambutan, kulit dan getahnya berwarna ungu kehitaman, daging putih, rasa manis, dan berbiji satu",GAP,
papalitan,sayur sayuran,GAP,
pitanak,"buah bentuk seperti kelengkeng, kulit wania ungu kehitaman, isi daging putih seperti kelengkeng",GAP,
lapat,"makanan matan baras nang dimasak setengah matang dengan santan lalu dibungkus daun pisang dan direbus lagi, dimakan dengan sambal kacang",lapat,makanan yang di rebus yang di masak hinggal menjadi kental di bungkus dengan daun pisang
tarung,"buah nang biasanya warna ungu, dimasak gangan atau mentah, Solanum melongena",terung,terong yang memiliki kulit ungu dan daging bewarna putih
satu,diulah matan tepung ketan nang disangrai,GAP,
wajik tuba,wajik nang diulah matan baras ketan dan gula merah nang dimasak lebih kental,GAP,
lempeng sagu,"makanan diulah matan nasi dan sagu dicampur air dan uyah lalu didadar, dimakan dengan gula pasir",GAP,
ayam cincane,ayam nang dibumbui cincane,GAP,
kacang jaruk,"kacang tanah nang disangrai dengan pasir dan uyah, hasilnya seperti kacang Bali",kacang jaruk,cemilan yang terbuat dari kacang tanah yang disangrai dengan pasir. Kacang jaruk saat ini menjadi makanan khas dari Hulu Sungai Tengah.
alua limau Bali,alua matan limau Bali,GAP,
pandan harum,pandan harum atawa biasa disambat daun pandan haja adalah sabuting tanaman monokotil matan kaluarga pandanaceae nang baisi daun babau harum daunnya marupakan bahan makanan nang panting dalam tradisi masakan indonesia wan nagara nagara asia tenggara lainnya,pandan,jenis tumbuhan monokotil dari famili Pandanaceae yang memiliki daun beraroma wangi yang khas. Daunnya merupakan komponen penting dalam tradisi masakan Indonesia dan negara-negara Asia Tenggara lainnya.
karawila,karawila luffa acutangula suku waluh waluhan atawa cucurbitaceae adalah komoditi sayuran minor penanamannya biasanya dilakukan di tungkaran atawa bagian ladang nang kada digunakan gasan tanaman nang lain karawila dipanen buahnya sawayah masih anum dan diulah sabagai sayur,GAP,
gangan balamak,sayur bersantan,GAP,
gangan gadang,"sayur yang terbuat dari bagian tengah batang pohon pisang, biasanya disuguhkan pada acara perkawinan Banjar",GAP,
rangai,wadai rangai adalah wadai tradisiunal has kalimantan salatan nang diulah matan sisa parutan nyiur nang dicampur lawan gula habang wan galapung baras di kalimantan salatan rangai rancak dimakan wayahan santai baminuman amun dilihat sapandang rangai pina mirip lawan wadai wingko babat tapi sabujurnya rasanya balain wadai rangai baisi rasa gurih wan karing amun wingko babat rasanya manis wan jua bantukannya pina linyak,GAP,
kukulih,"nama kuih matan tepung baras diberi warna hijau matan pandan, dimasak seperti membuat dodol, dimakan dengan air gula merah",GAP,
hanaw,pohon janis palem umbut batangnya baisi sagu nang kawa dimakan ijuknya hagan hatap rumah wan sabagainya niranya disasap hagan diulah gula gula habang bagat kabung mergat,GAP,
salak,buah salak,salak,buah salak
sup molokhia,sop molokhia atawa mulukhiyah adalah makanan nang biasanya nangkaya makanan bakuah sop atawa gangan nang diulah matan daun molokhia atawa yute,GAP,
nasi itik gambut,nasi itik nang dibumbui bumbu habang,GAP,
gangan asam baung,sayur asam yang ditambahi ikan baung,GAP,
apam gula habang,apam gula habang adalah salah sabuting janis matan wadai apam apam gula habang marupakan wadai tradisiunal indunisia nang kawa ditamui di kalimantan selatan lampung wan jawa tengah wadai ngini diulah matan bahan bahan nang kaya galapung baras nyiur baparut wan gula habang wadai ngini baisi tekstur nang kanyul wan lamah paulahan wadai ngini ialah dikukus atawa dipanggang,apam gula habang,"kue tradisional yang terbuat dari campuran tepung, gula merah dan air, kemudian dikukus hingga matang"
sayur kambang tigarun,lalapan matan kambang tigarun,GAP,
sarawa pisang,sarawa matan pisang,GAP,
bosna sosis,bosna kadang disambat bosner adalah makanan lakas jadi austria nang diduga baasal matan salzburg atawa linz makanan ngini wayah ini tarkanal di austria barat wan bayern salatan,GAP,
buras,"pangan nang diulah matan baras nang cara pembuatannya seperti arem-arem tetapi berbentuk segi empat, tiap dua biji buras dililit menggunakan tali lalu direbus hingga matang dimakan dengan sambal khusus",buras,"makanan yg dibuat dr beras dibungkus dng daun pisang, kemudian dikukus sampai matang"
jalai,sejenis tanaman gandum/padi berbuah sebesar biji jagung,GAP,
sasawi,"sayuran, berdaun melebar, pinggir daun bercuping bergelombang, berwarna hijau pucat, dengan tulang dan tangkai melebar",GAP,
kaminting,kaminting atawa aleurites moluccana adalah ngaran tanaman nang biginya dipakai gasan minyak wan rarampah tanaman ngini masih bakulaan lawan gumbili wan tamasuk dalam suku euphorbiaceae atawa tanaman bagatah,GAP,
kararaban,"kuih talam nang berwarna agak kecoklatan karena berbahan dasar tepung baras dan gula merah, (tetapi berbintik-bintik hitam seperti pasir hitam atau seperti debu lawa-lawa)",GAP,
kundur,tatanaman malancar nang ditanam lantaran buahnya nang sadang ganalnya,GAP,
gangan tuha,sayur berkuah dengan berbagai bumbu/rempah-rempah,kuah santan kuning,sayur kuah yang berbahan dasar dan santan berwarna kuning.
akar pinang,wadai karing nang tiba matan bubuhan urang Betawi wan sakitarannya,GAP,
garigit,garigit adalah salah sabuting wadai tradisiunal matan indunisia nang tiba kalimantan selatan tagal kawa jua ditamui di kabupatin tana tidung kalimantan utara wadai garigit tamasuk ka dalam wadai karing bahari nang biasanya disurungi ka urang sawagai papuluran gasan santai atawa sajian gasan tamu rahatan hari raya pitrah,GAP,
ulatih,ulatih adalah janis makanan tumatan bigian serealia nang dipanasakan sampai malarak ulatih liwar rancak diulah matan bigi jagung dipinandui sawagai popcorn tagal kawa jua diulah matan babarapa serealias lain nang kaya banih gabah atawa nasi karing wan bayam bigi amaranthus ulatih nang diulah matan nasi karing dicitak babantuk pasagi wan dibari pamanis rancaknya disambat bipang,GAP,
dodol kandangan,dodol kandangan adalah makanan has paruduksi masarakat kandangan hulu sungai selatan kalimantan selatan sacara turun tamurun bahan tatambaian paulahan kitihan ngini adalah baras lakatan wan gula habang dodol kandangan banyak dikamas sacara sadarhana lawan rasa nang manis banar iann news,dodol kandangan,"Dodol Kandangan adalah makanan khas produksi masyarakat Kandangan, Hulu Sungai Selatan, Kalimantan Selatan, secara turun temurun. Bahan utama pembuatan penganan ini adalah beras ketan dan gula aren."
kulur,kulur atawa sukun artocarpus altilis adalah ngaran puhun nang babuah buah kulur kada babiji lawan baisi bagian nang hapuk nang mahirip ruti imbahnya dimasak atawa disanga marga ngintu bubuhan urang eropa maminanduinya sawagai buah ruti,GAP,
barakat,"berkat, makanan nang dibawa pulang sehabis kenduri",barakat,makanan yang di bawa pulang setelah selamatan
sumangka,sumangka adalah ngaran tanaman buah sakali tanam nang tamasuk ka dalam kaluarga cucurbitaceae jadinya masih baisiian hubungan kulaan duwa melon bilungka waluh sayur waluh banyu wan waluh tanaman ngini asalnya matan sudan afrika lalu imbah ngitu maucir ka samunyaan wilayah tanaman sumangka ngini tamasuk ka kalumpuk nang lain pada nang lain maraga akarnya malayap di atas tanah haja duwa kulimbit buahnya nang baisi balang kaya curitan wan daging buahnya nang habang,semangka,"tumbuhan menjalar, buahnya bulat dan besar, daging buahnya berwarna kuning, atau merah banyak mengandung air dan manis"
wadai palapah,wadai palapah atawa nang dipinandui sawagai wafer dalam basa indunisia adalah ngaran wadai nang ranyah bantukannya parsagi panjang balapis duwa banyak rasanya wadai palapis ngini diulah matan gandum duwa hintalu,GAP,
sasumapan,kuih nang masak dengan dikukus,GAP,
durian habang,durian nang warnanya habang,durian lahung,Daging buahnya berwarna merah segar. Lahung yang kadang juga disebut sebagai durian merah ini memiliki nama latin durio graviolens.
jaruk,asinan,asinan,buah yang diasinkan
timpakul,timpakul adalah sakalumpuk iwak matan babarapa marga nang tamasuk ka dalam anak suku oxudercinae iwak ngini katuju banar baluncatan ka daratan tautama di dairah balumpur licak atawa babanyu dangkal di sakitar hutan bakau sawayah banyu surut ngaran ngaran lainnya adalah tembakul gelodok gabus laut lunjat dan lain lain dalam bahasa inggris disambat mudskipper marga kabiasaannya baluncatan di lumpur itu,timpakul,ikan yang sering lompat lompat ketika di tangkap
karupuk cingur,karupuk nang diulah matan kulit sapi,GAP,
alua kundur,alua matan buah kundur,GAP,
mundar,"buah berbentuk bulat seukuran bola pingpong, kulit tebal, berwarna merah terang, jika matang kulit lebih lunak, isi putih seperti manggis tetapi hanya memiliki satu biji, dan rasanya manis jika matang",GAP,
balimbing tunjuk,"buah nang masam, rancak dipakai gasan bumbu masakan wan campuran jamu",balimbing tunjuk; belimbing,buah yang asam sering di gunakan buat gangan asam
lok lok,makanan nang tadiri matan daging wan sayuran nang disurungakan lawan tutusuk sate,GAP,
habang banjar,bumbu has Banjar nang bewarna habang,habang banjar,bumbu khas banjar yang bewarna merah
nginuman,barang nang kawa dinginum,minuman,barang yang diminum
kacang batampik,makanan nang diulah matan kacang nang dicampur lawan galapung baadun hintalu nang sudah bacampur bumbu nang kaya uyah wan gula,GAP,
lapis india,wadai manis nang dari gula merah,lapis india,kue manis yang terbuat dari gula merah
maharawin,maharawin adalah salah satu macam buah nang ada di padalaman kalimantan maharawin adalah buah buahan asli matan indonesia maharawin mungkin buah nang ngarannya asing untuk kabanyakan urang maharawin jua dikatahui lawan sabutan durio oxleyanus griff,GAP,
marat,makanan nang sudah kada nyaman rasanya,GAP,
gipang,"makanan nang diulah matan jagung, baras atau talipuk, berondong",GAP,
matoa,buah matan tumbuhan kayu khas Papua nang tamasuk dalam kalumpuk Sapindaceaea,GAP,
jus kanas,jus nang terbuat matan kanas,jus nanas,sari buah nanas
sawit,sawit adalah tumbuhan nang rancak ditanam urang sagan diambil minyaknya sawit ngini sabujurnya ada dua macam nang rancak ditanam urang yakni elaeis guineensis elaeis oleifera wan elaeis odora walaupun asalnya matan aprika barat atawa matan amirika latin manurut sabahagian pandapat urang sawit tumbuh subur di malaysia indunisia thailand wan papua nugini,sawit,sawit tumbuhan yang memiliki kandungan minyak
bangkinang,"buah yang bentuknya mirip dengan buah melinjo, berwarna kuning jika mentah dan merah jika matang, daging buah kuning dengan rasa sepat manis",GAP,
tangkawang,nama pohon nang buahnya dijadikan bahan makanan,GAP,
wadai gayam,wadai khas Banjar matan tepung ketan,GAP,
limau madang,"limau has Desa Sungai Madang, Kabupaten Banjar",limau madang,jeruk yang memiliki rasa manis
katuyung,semacam kerang air tawar berukuran kecil dan berbentuk panjang,GAP,