Lemma,Gloss,Javanese lemmas (or gap),Javanese Gloss
deaf,lacking or deprive of the sense of hearing wholly or in part,budeg,
long,primarily spatial sense; of relatively great or greater than average spatial extension or extension as specified,"dawa, dowo, adoh",
short,short (in primarily spatial sense) has little length or lacking in length,"cekak, cendek, cendak",
full,containing as much or as many as is possible or normal,kebak,
empty,holding or containing nothing,kosong,
"blind, unsighted",unable to see,"wuta, wuto, picek",
expensive,of high worth or cost,larang,
"blue, bluish, blueish",of the color intermediate between green and violet; having a color similar to that of a clear unclouded sky,"biru, kebiruan",
pointed,having a point,"nuding, nunjuk, nuduhake",
"beloved, darling, dear",dearly loved,"kinasih, sayange, sayang",
"green, greenish, light-green, dark-green",of the color between blue and yellow in the color spectrum; similar to the color of fresh grass,"ijo, ijo cahya, ijo peteng",
"red, reddish, ruddy, blood-red, carmine, cerise, cherry, cherry-red, crimson, ruby, ruby-red, scarlet",of a color at the end of the color spectrum (next to orange); resembling the color of blood or cherries or tomatoes or rubies,abang,
powerful,having great power or force or potency or effect,kuwat,
"two, 2, ii",being one more than one,"loro, kalih",
"stingy, ungenerous","unwilling to spend; ""unwilling to spend"" typically indicates a decision to refrain from making purchases, often due to careful financial considerations, a desire to save, or a judgment that the expenditure is not justified.","pelit, cetil, medit, peritungan",
"one, 1, i, ane",used of a single unit or thing; not two or more,siji,
"four, 4, iv",being one more than three,papat,
"three, 3, iii",being one more than two,"telu, tigo/tiga",
"six, 6, vi, half dozen, half-dozen",denoting a quantity consisting of six items or units,enem,
"five, 5, v","being one more than four; The phrase ""being one more than four, not more than six"" refers to the number five. It describes a number that is greater than four by exactly one unit, and it cannot exceed six.",limo,
"eight, 8, viii",being one more than seven,wolu,
"seven, 7, vii",being one more than six,pitu,
"ten, 10, x",being one more than nine,"sepuluh, sedoso",
"nine, 9, ix",denoting a quantity consisting of one more than eight and one less than ten,songo/sanga,
"twelve, 12, xii, dozen",denoting a quantity consisting of 12 items or units,"rolas, kalih welas, selusin",
"eleven, 11, xi","being one more than ten; ""setunggal welas"" (or ""sewelas"") literally translates to ""one teen,"" which is the Javanese way of saying ""eleven.""","sewelas, setunggal welas",
"twenty, 20, xx",denoting a quantity consisting of 20 items or units,"rong puluh, kalih doso",
"yellow, yellowish, xanthous",of the color intermediate between green and orange in the color spectrum; of something resembling the color of an egg yolk,kuning,
warm,having or producing a comfortable and agreeable degree of heat or imparting or maintaining heat,anget,
"thirty, 30, xxx","The number 30 is expressed in three different ways: ""thirty"" in words, ""30"" as a numeral, and ""XXX"" in Roman numerals. Each form is suited to different contexts, but all represent the same quantity.","telung puluh, tigang doso",
cool,neither warm nor very cold; giving relief from heat; ,adem,
"forty, 40, xl, twoscore",being ten more than thirty,petang puluh,
"grey, gray, greyish, grayish",of an achromatic color of any lightness intermediate between the extremes of white and black,abu-abu,
"fifty, 50, l",being ten more than forty,seket,
"sixty, 60, lx, threescore",being ten more than fifty,sewidak,
good,having desirable or positive qualities especially those suitable for a thing specified,"apik, sae",
"seventy, 70, lxx",being ten more than sixty,"pitung puluh, pitung doso",
black,being of the achromatic color of maximum darkness; having little or no hue owing to absorption of almost all incident light,ireng,
white,being of the achromatic color of maximum lightness; having little or no hue owing to reflection of almost all incident light,"putih, pethak",
bad,having undesirable or negative qualities,"elek, ala, jahat",
"eighty, 80, lxxx, fourscore",being ten more than seventy,"wolung puluh, wolung doso",
"ninety, 90, xc",being ten more than eighty,"sangang puluh, sangang doso",
"hundred, one hundred, 100, c",being ten more than ninety,"satus, setunggal atus",
"ill, sick",affected by an impairment of normal physical or mental function,"lara, sakit, gerah",
evil,"""Bad"" or ""evil"" is morally bad or wrong.","ala, jahat",
"ripe, mature",ripe means fully developed or matured and ready to be eaten or used,"mateng, diwasa/diwoso",
"thousand, one thousand, 1000, m, k","denoting a quantity consisting of 1,000 items or units","sewu, setunggal ewu",
"second, 2nd, 2d",coming next after the first in position in space or time or degree or magnitude; ,keloro,
wet,covered or soaked with a liquid such as water,teles,
"third, 3rd, tertiary",coming next after the second and just before the fourth in position,katelu,
"colorful, colourful",having striking color,warna-warni,
"damp, dampish, moist",slightly wet,lembab,
dry,free from liquid or moisture; lacking natural or normal moisture or depleted of water; or no longer wet,"kering, garing",
dark,(used of color) having a dark hue,peteng,
hard,resisting weight or pressure,"abot, keras",
"wide, broad",having great (or a certain) extent from one side to the other,amba/ombo,
"firm, solid",not soft or yielding to pressure,"mantep, padhet",
"gentle, soft",soft and mild; not harsh or stern or severe,alus,
narrow,not wide,ciyut,
clean,free from dirt or impurities; or having clean habits,resik,
soft,yielding readily to pressure or weight,"ringan, enthing",
"dirty, soiled, unclean",soiled or likely to soil with dirt or grime,reget,
"adept, expert, good, practiced, proficient, skillful, skilful",having or showing knowledge and skill and aptitude,"pinter, ahli, apik, laku, mahir, terampil",
blunt,used of a knife or other blade; not sharp,kethul,
sharp,having or made by a thin edge or sharp point; suitable for cutting or piercing,"landep, tajem",
stupid,lacking or marked by lack of intellectual acuity,"goblok, bodo, ora pinter",
far,at a great distance in time or space or degree,adoh,
smooth,having a surface free from roughness or bumps or ridges or irregularities,mulus,
"near, close, nigh",not far distant in time or space or degree or circumstances,"cedak, cedek",
heavy,of comparatively great physical weight or density,abot,
"bare, au naturel, naked, nude",completely unclothed,"gundhul, wuda/wudo, mudo",
all,quantifier; used with either mass or count nouns to indicate the whole number or amount of or every one of a class,kabeh/ sekabehane,
hot,used of physical heat; having a high or higher than desirable temperature or giving off heat or feeling or causing a sensation of heat or burning,"panas, benter",
cold,used of physical coldness; having a low or inadequate temperature or feeling a sensation of coldness or having been made cold by e.g. ice or refrigeration,"adem, asrep",
hungry,feeling hunger; feeling a need or desire to eat food,luwe; kaliren,
strong,having strength or power greater than average or expected,kuwat,
weak,having little physical or spiritual strength,ringkih,
"flat, level, plane","having a surface without slope, tilt in which no part is higher or lower than another","warata/waroto, tingkat, pesawat/motor mabur",
old,"The word can also refer to something that is new in terms of timeâ€”something that has just started, happened, or come into being.",lawas,
new,not of long duration; having just (or relatively recently) come into being or been made or acquired or discovered,anyar,
old,(used especially of persons) having lived for a relatively long time or attained a specific age,"suwe, dangu, tuwa/tuwo",
"young, immature",(used of living things especially persons) in an early period of life or development or growth,"enom, mudo",
"surviving, living",still in existence,urip,
"open, unfastened",affording unobstructed entrance and exit; not shut or closed,mbukak,
"shut, unopen, closed",not open,nutup,
expensive,high in price or charging high prices,larang,
"cheap, inexpensive",relatively low in price or charging low prices,murah,
beautiful,delighting the senses or exciting intellectual or emotional admiration,"ayu, indah, apik, bagus, elok",
"fine-looking, good-looking, better-looking, handsome, well-favored, well-favoured",pleasing in appearance especially by reason of conformity to ideals of form and proportion,"katon apik, ganteng, disenengi",
rich,possessing material wealth,sugih,
poor,having little money or few possessions,melarat,
right,being or located on or directed toward the side of the body to the east when facing north,tengen,
sweet,having or denoting the characteristic taste of sugar,"manis, legi",
left,being or located on or directed toward the side of the body to the west when facing north,kiwo/kiwa,
sour,having a sharp biting taste,"masem, kecut",
"round, circular",having a circular shape,bunder,
familiar,well known or easily recognized,akrab,
"apt, clever",mentally quick and resourceful,pinter,
tasty,pleasing to the sense of taste,sedhep,
bitter,one of the four basic taste sensations; sharp and disagreeable; like the taste of quinine,pait,
fat,having much flesh (especially fat),lemu,
"thin, lean",lacking excess flesh,"kuru, tipis",
different,unlike in nature or quality or form or degree,bedo/beda,
"bracing, brisk, energizing, energising, fresh, refreshing, refreshful, tonic",imparting vitality and energy,"seger, sumilir",
other,not the same one or ones already mentioned or implied,"liyo, liyane",
raw,not treated with heat to prepare it for eating,"mentah, mentahan",
thick,not thin; of a specific thickness or of relatively great extent from one surface to the opposite usually in the smallest of the three solid dimensions,kandel,
sad,experiencing or showing sorrow or unhappiness,"sedih, susah",
thin,of relatively small extent from one surface to the opposite or in cross section,tipis,
fine,thin in thickness or diameter,tipis (diameter),
"gay, jocund, jolly, jovial, merry, mirthful",full of or showing high-spirited merriment,"seneng, slamet",
"dense, heavy, impenetrable",permitting little if any light to pass through because of denseness of matter,"padhet, abot",
"correct, right",free from error; especially conforming to fact or truth,bener,
"celebrated, famed, far-famed, famous, illustrious, notable, noted, renowned",widely known and esteemed,"dirayakake, misuwur, cinatet, kondang",
bright,emitting or reflecting light readily or in large amounts,padhang,
first,preceding all others in time or space or degree,"dhisik, awal, kaping pisan",
last,coming after all others in time or space or degree or being the only one remaining,pungkasan,
"erstwhile, former, old, onetime, quondam, sometime",belonging to some prior time,"biyen, tilasan, lawas, sepisan, kadang",
"large, big",above average in size or number or quantity or magnitude or extent,gede,
"diligent, persevering",quietly and steadily persevering especially in detail or exactness,"sregep, tabah",
"faineant, indolent, lazy, otiose, slothful, work-shy",disinclined to work or exertion,males,
"dangerous, grave, grievous, serious, severe, life-threatening",causing fear or anxiety by threatening great harm,mbebayani,
"small, little",limited or below average in number or quantity or magnitude or extent,cilik,
"foreign, strange",relating to or originating in or characteristic of another place or part of the world,asing,
true,consistent with fact or reality; not false,bener,
"again, once again, once more, over again",anew,maneh,
hence,from this place,mula,
"immediately, instantly, straightaway, straight off, directly, now, right away, at once, forthwith, in real time, like a shot",without delay or hesitation; with no time intervening,"langsung, sakcepete, saiki",
"now, at present",at the present moment,saiki,
"earlier, before",earlier in time; previously,sadurunge,
"subsequently, later, afterwards, afterward, after, later on",happening at a time subsequent to a reference time,salajengipun,
"suddenly, all of a sudden, of a sudden",happening unexpectedly,dumadaan,
"ahead, in front, before",at or in the front,"ngarep, sadurunge",
"ahead, onward, onwards, forward, forwards, forrader",in a forward direction,maju,
"forward, forwards, frontward, frontwards, forrad, forrard",at or to or toward the front,maju,
"back, backward, backwards, rearward, rearwards",at or to or toward the back or rear,mundur,
"backward, backwards","Backward"" and ""backwards"" both refer to movement or direction toward the back or rear, but they are used with slight differences in formality and regional preferences. ""Backward"" and ""backwards"" are very similar in meaning, with ""backward"" being more formal and American, while ""backwards"" is more casual and British.",mundur,
"above, higher up, in a higher place, to a higher place",in or to a place that is higher,"ing nduwur, ing papan singluwih nduwur",
"downstairs, down the stairs, on a lower floor, below",on a floor below,"ing ngisor, mudun, ing lantai ngisor",
"down, downwards, downward, downwardly","spatially or metaphorically from a higher to a lower level or position; ""down,"" ""downwards,"" ""downward,"" and ""downwardly"" all refer to movement or positioning from a higher to a lower level or position, whether in a physical or metaphorical sense. ",mudun,
"up, upwards, upward, upwardly",spatially or metaphorically from a lower to a higher position,munggah,
"first, firstly, foremost, first of all, first off","before anything else;  ""first,"" ""firstly,"" ""foremost,"" ""first of all,"" and ""first off"" all refer to something happening or being considered before anything else in terms of order, priority, or importance. However, each of these terms has its own nuances in usage and context.","pisanan,kaping pisanan, sing utomo",
"here, hither",to this place (especially toward the speaker),kene,
here,in or at this place; where the speaker or writer is,kene,
"there, at that place, in that location",in or at that place,"ana,nang kono",
"there, thither",to or toward that place; away from the speaker,"rana, kana, mrana",
together,in contact with each other,bebarengan,
then,at that time,"banjur, wektu itu, nalika iku, ",
"then, so, and so, and then",subsequently or soon afterward (often used as sentence connectors),"banjur,dadi,lan banjur,biyen",
"once, one time, in one case",on one occasion,"nalika, ing suwiji wedal",
"once, formerly, at one time, erstwhile, erst",at a previous time,sak durunge,
so,"in such a condition or manner, especially as expressed or implied",GAP,
"at a time, at once, at one time",simultaneously,"sewiji wektu, bebarengan",
"alone, solo, unaccompanied",without anybody else,dhewe,
long,for an extended time or at a distant time,suwi/ suwe,
"vainly, in vain",vainly/ in vain = doing something without result.,"muspra, sia-sia",
through,in a way to go,liwat,
tomorrow,"the next day, the day after, following the present day",sesuk,
"under, below",further down,ing ngisor,
today,on this day as distinct from yesterday or tomorrow,dina iki,
yesterday,on the day preceding today,wengi,
behind,in or to or toward the rear,"mburi, ing mburi",
"between, 'tween",in between,antara,
"barely, hardly, just, scarcely, scarce",by a small margin,"meh, meh ora, mung, arang, langka",
"entirely, exclusively, solely, alone, only",without any others being included or involved,"sekabehane, khusus, dhewe, mung",
"always, ever, e'er",at all times; all the time and on every occasion,tansah,
"never, ne'er",not ever; at no time in the past or future,"ora tau, durung tau, ora bakal",
sometimes,on certain occasions or in certain cases but not always,kadhangkala,
"not, non",negation of a word or group of words,"ora, dudu",
"everywhere, everyplace, all over",to or in any or all places,"nang endi wae, saben panggonan, saindhenging/sekabehane",
still,"with reference to action or condition; without change, interruption, or cessation",isih,
already,prior to a specified or implied time,wis,
"very, really, real, rattling",used as intensifiers; `real' is sometimes used informally for `really'; `rattling' is informal,banget,
"a bit, a little, a trifle",to a small degree; somewhat,"sethithik, thithik, cilik",
"soon, shortly, presently, before long",in the near future,"bakal, arep, sakcepete, saiki, ora suwe maneh",
"frequently, often, oftentimes, oft, ofttimes",many times at short intervals,"kerep, kadhangkala, kala-kala",
name,a language unit by which a person or thing is known,"aran, jeneng, asama",
thing,a separate and self-contained entity,bab,
gruel,a thin porridge (usually oatmeal or cornmeal),GAP,
"object, physical object",a tangible and visible entity; an entity that can cast a shadow,obyek,
"side, face",a surface forming part of the outside of an object,"pinggir, pasuryan",
"grave, tomb",a place for the burial of a corpse (especially beneath the ground and marked by a tombstone),"kuburan, pesarean",
"eye, oculus, optic","the organ of sight. 
","mripat, ""mata"", paningal",
"boundary line, border, borderline, delimitation, mete",a line that indicates a boundary,"garis wates, tapel wates, wates",
"taste, taste sensation, gustatory sensation, taste perception, gustatory perception",the sensation that results when taste buds in the tongue and throat convey information about the chemical composition of a soluble stimulus,"rasa, pangrasa",
"person, individual, someone, somebody, mortal, soul",a human being,wong sewiji (wong siji),
"relish, flavor, flavour, sapidity, savor, savour, smack, nip, tang",the taste experience when a savoury condiment is taken into the mouth,rasa,
"animal, animate being, beast, brute, creature, fauna",a living organism characterized by voluntary movement,kewan,
time,the continuum of experience in which events pass from the future through the present to the past,wektu,
"tone, pure tone",a steady sound without overtones,nada,
sore,an open skin infection,lara,
needle,a sharp pointed implement (usually steel),"jarum, dom",
"measure, quantity, amount",how much there is of something that you can quantify,"ngukur, jumlah",
"corner, nook",an interior angle formed be two meeting walls,pojok,
game,an amusement or pastime,"mainan, permainan",
"letter, missive",a written message addressed to a person or organization,layang,
ear,the sense organ for hearing and equilibrium,kuping,
"hog, pig, grunter, squealer, sus scrofa",domestic swine,"babi, celeng, babi hutan",
"net, network, mesh, meshing, meshwork",an open fabric of string or rope or wire woven together at regular intervals,"jala, jaringan, jaring, nyawiji, jalinan",
"pain, pain sensation, painful sensation",a somatic sensation of acute discomfort,"nyeri, rasa nyeri",
"center, centre, middle, heart, eye",an area that is approximately central within some larger region,"tengah, pusat, jantung",
"heat, warmth",the sensation caused by heat energy,"panas, anget",
age,how long something has existed,umur,
"doctor, doc, physician, md, dr., medico",a licensed medical practitioner,dokter,
gun,a weapon that discharges a missile at high velocity (especially from a metal tube or barrel),"senjata, bedhil, tembakan",
breath,the process of taking in and expelling air during breathing,ambegan,
bull,uncastrated adult male of domestic cattle,bantheng,
"cow, moo-cow",female of domestic cattle,sapi,
noise,sound of any kind (especially unintelligible or dissonant sound),swara,
"country, state, land",the territory occupied by a nation,"negara, negara bagean",
onion,an aromatic flavorful bulb,bawang bombay,
"noose, running noose, slip noose",a loop formed in a cord or rope by means of a slipknot; it binds tighter as the cord or rope is pulled,tali jerat,
bag,a flexible container with a single opening,tas,
cradle,a baby bed with sides and rockers,bandulan,
news,new information of any kind,"warta, berita",
sheep,woolly usually horned ruminant mammal related to the goat,wedhus,
thunder,a booming or crashing noise caused by air expanding along the path of a bolt of lightning,"guntur, gludhug",
shelf,a support that consists of a horizontal surface for holding objects,rak,
"home, place",where you live at a particular time,"omah, panggonan",
uncle,the brother of your father or mother; the husband of your aunt,"Pakdhe, paklik",
desire,an inclination to want things,kepinginan,
"crockery, dishware",tableware (eating and serving dishes) collectively,GAP,
"handle, grip, handgrip, hold",the appendage to an object that is designed to be held in order to use or move it,nyekel,
end,a boundary marking the extremities of something,"akhir, pungkasan",
shirt,a garment worn on the upper half of the body,klambi,
shoe,footwear shaped to fit the foot (below the ankle) with a flexible upper of leather or plastic and a sole and heel of heavier material,sepatu ,
"current, stream",a steady flow (usually from natural causes),"arus, iline banyu",
"peel, skin",the rind of a fruit or vegetable,kulit,
"hayfield, meadow",a field where grass or alfalfa are grown to be made into hay,"sawah, pategalan",
"mistake, error, fault",a wrong action attributable to bad judgment or ignorance or inattention,"salah, kesalahan",
apple,fruit with red or yellow or green skin and sweet to tart crisp whitish flesh,apel,
ware,"articles of the same kind or material; usually used in combination: `silverware', `software'",barang,
"shop, store",a mercantile establishment for the retail sale of goods or services,toko,
"overlord, master, lord",a person who has general authority over others,"pangeran, ahli, panguwasa",
berry,any of numerous small and pulpy edible fruits; used as desserts or in making jams and jellies and preserves,woh beri,
oil,a slippery or viscous liquid or liquefiable substance not miscible with water,lenga,
shovel,a hand tool for lifting loose material; consists of a curved container or scoop and a handle,sekop,
"north, due north, northward, n",the cardinal compass point that is at 0 or 360 degrees,"lor, nuju menang lor, ",
"dream, dreaming",a series of mental images and emotions occurring during sleep,ngimpi,
"east, due east, eastward, e",the cardinal compass point that is at 90 degrees,wetan,
"elk, european elk, moose, alces alces",large northern deer with enormous flattened antlers in the male; called `elk' in Europe and `moose' in North America,GAP,
cup,a small open container usually used for drinking; usually has a handle,cangkir,
"south, due south, southward, s",the cardinal compass point that is at 180 degrees,"kidul, menyang kidul",
"dog, domestic dog, canis familiaris",a member of the genus Canis (probably descended from the common wolf) that has been domesticated by man since prehistoric times; occurs in many breeds,asu,
"west, due west, westward, w",the cardinal compass point that is a 270 degrees,kulon,
parent,a father or mother; one who begets or one who gives birth to or nurtures and raises a child; a relative who plays the role of guardian,wong tuwa (bapa/biyung).,
way,any artifact consisting of a road or path affording passage from one place to another,"dalan, lawang",
"lair, den",the habitation of wild animals,"papan, guwa",
paw,a clawed foot of an animal especially a quadruped,GAP,
"fire, flame, flaming",the process of combustion of inflammable materials producing heat and light and (often) smoke,"geni, kobongan, murub",
message,a communication (usually brief) that is written or spoken or signaled,pesen,
well,a deep hole or shaft dug or drilled to obtain water or oil or gas or brine,sumur,
horn,one of the bony outgrowths on the heads of certain ungulates,sungu,
"citizenry, people",the body of citizens of a state or country,"warga, rakyat",
"song, vocal",a short musical composition with words,tembang,
"paddle, boat paddle",a short light oar used without an oarlock to propel a canoe or small boat,"dayung, dayung prau",
"snake, serpent, ophidian",limbless scaly elongate reptile; some are venomous,ula,
paint,a substance used as a coating to protect or decorate a surface (especially a mixture of pigment suspended in a liquid); dries to form a hard coating,cat,
ski,narrow wood or metal or plastic runners used in pairs for gliding over snow,ski,
"silence, quiet",the absence of sound,meneng,
tree,a tall perennial woody plant having a main trunk and branches forming a distinct elevated crown; includes both gymnosperms and angiosperms,"wit, wit-witan",
bed,a piece of furniture that provides a place to sleep,amben,
"pasture, pastureland, grazing land, lea, ley",a field covered with grass or herbage and suitable for grazing by livestock,"padang rumput, pangonan kewan",
liver,"The liver is one of the largest and most important organs in the body, with a critical role in maintaining overall health.",ati,
"newspaper, paper",a daily or weekly publication on folded sheets; contains news and articles and advertisements,layang kabar,
"peak, crown, crest, top, tip, summit",the top point of a mountain or hill,puncak,
slab,block consisting of a thick piece of something,lempengan,
"father, male parent, begetter",a male parent (also used as a term of address to your father),"bapak, bapa, wong tuwa lanang",
"heart, pump, ticker",the hollow muscular organ located behind the sternum and between the lungs; its rhythmic contractions move the blood through the body,jantung,
"sled, sledge, sleigh",a vehicle mounted on runners and pulled by horses or dogs; for transportation over snow,kreta luncur,
"position, place",the particular portion of space occupied by something,panggonan,
"sleeve, arm",the part of a garment that is attached at the armhole and that provides a cloth covering for the arm,lengen,
"female child, girl, little girl",a youthful female person,bocah wadon,
window,a framework of wood or metal that contains a glass windowpane and is built into a wall or roof to admit light or air,jendela,
root,(botany) the usually underground organ that lacks buds or leaves or nodes; absorbs water and mineral salts; usually it anchors the plant to the ground,oyot,
line,a length (straight or curved) without breadth or thickness; the trace of a moving point,baris,
belt,a band to tie or buckle around the body (usually at the waist),sabuk,
"stomach, tummy, tum, breadbasket",an enlarged and muscular saclike organ of the alimentary canal; the principal organ of digestion,weteng,
hook,a curved or bent implement for suspending or pulling something,pancing,
"gold, au, atomic number 79",a soft yellow malleable ductile (trivalent and univalent) metallic element; occurs mainly as nuggets in rocks and alluvial deposits; does not react with most chemicals but is attacked by chlorine and aqua regia,emas,
wolf,any of various predatory carnivorous canine mammals of North America and Eurasia that usually hunt in packs,asu ajag; srenggala,
"design, pattern, figure",a decorative or artistic work,"desain, pola, gambar",
"wife, married woman",a married woman; a man's partner in marriage,bojo wedok,
blood,the fluid (red in vertebrates) that is pumped by the heart,getih,
"iron, fe, atomic number 26",a heavy ductile magnetic metallic element; is silver-white in pure form but readily rusts; used in construction and tools and armament; plays a role in the transport of oxygen by the blood,wesi,
"blade, leaf blade",especially a leaf of grass or the broad portion of a leaf as distinct from the petiole,"lading, helai godhong",
"part, portion",something less than the whole of a human artifact,bagean,
"language, linguistic communication",a systematic means of communicating by the use of sounds or conventional symbols,basa,
"topic, subject, issue, matter",some situation or event that is thought about,"topik, masalah, prakara",
fox,alert carnivorous mammal with pointed muzzle and ears and a bushy tail; most are predators that do not hunt in packs,rubah,
circle,something approximating the shape of a circle,bunder,
"tear, teardrop",a drop of the clear salty saline solution secreted by the lacrimal glands,"banyu mripat, eluh",
word,a unit of language that native speakers can identify,tembung,
truth,a fact that has been verified,"bebener, bener",
"cat, true cat",feline mammal usually having thick soft fur and no ability to roar: domestic cats; wildcats,kucing,
"birch, birch tree",any betulaceous tree or shrub of the genus Betula having a thin peeling bark,GAP,
"woman, adult female",an adult female person (as opposed to a man),wong wadon,
path,a way especially designed for a particular use,dalan,
"foe, enemy",a personal enemy,mungsuh,
"silver, ag, atomic number 47",a soft white precious univalent metallic element having the highest electrical and thermal conductivity of any metal; occurs in argentite and in free form; used in coins and jewelry and tableware and photography,"perak, ag, nomer atom 47",
house,a dwelling that serves as living quarters for one or more families,"omah, panggonan",
sand,a loose material consisting of grains of rock or coral,"pasir, wedhi",
"foreman, chief, gaffer, honcho, boss",a person who exercises control over workers,"mandor, pangarep, ketua, bos",
"chill, iciness, gelidity",coldness due to a cold environment,hawa adhem,
"vein, vena, venous blood vessel",a blood vessel that carries blood from the capillaries toward the heart,pembuluh getih,
monkey,any of various long-tailed primates (excluding the prosimians),kethek,
bear,massive plantigrade carnivorous or omnivorous mammals with long shaggy coats and strong claws,bruwang,
"luminosity, brightness, brightness level, luminance, luminousness, light",the quality of being luminous; emitting or reflecting light,"padhang, cahya",
spider,predatory arachnid that usually has silk-spinning organs at the back end of the body; they spin silk to make cocoons for eggs or traps for prey,laba-laba,
"grief, sorrow",something that causes great unhappiness,"susah, sedhih",
"idea, thought",the content of cognition; the main thing you are thinking about,"gagasan, pikiran",
"state, province",the territory occupied by one of the constituent administrative districts of a nation,"negara bagian, provinsi",
"blanket, cover",bedding that keeps a person warm in bed,"kemul, selimut",
"willow, willow tree",any of numerous deciduous trees and shrubs of the genus Salix,GAP,
corner,the point where three areas or surfaces meet or intersect,"pojok, pojokan",
"kind, sort, form, variety",a category of things distinguished by some common characteristic or quality,"jenis, jinis, wangun, macem-macem",
friend,a person you know well and regard with affection and trust,kanca,
"idol, graven image, god",a material effigy that is worshipped,puja-puji,
tip,the extreme end of something; especially something pointed,pucuk,
weight,the vertical force exerted by a mass as a result of gravity,bobot,
hay,grass mowed and cured for use as fodder,jerami,
town,an urban area with a fixed boundary that is smaller than a city,kutha,
spade,a sturdy hand shovel that can be pushed into the earth with the foot,GAP,
strength,the property of being physically or mentally strong,kekuwatan,
"village, hamlet",a settlement smaller than a town,"desa, dusun",
boat,a small vessel for travel on water,prau,
"pipe, tube",a hollow cylindrical shape,"pipa, tabung",
"longing, yearning, hungriness",prolonged unfulfilled desire or need,"kangen, kepingin, keluwen",
bark,tough protective covering of the woody stems and roots of trees and other woody plants,kulit; klika,
branch,"a division of a stem, or secondary stem arising from the main stem of a plant",cabang ,
"periphery, fringe, outer boundary",the outside boundary or surface of something,"pinggir, pinggiran, wates njaba",
"branchlet, twig, sprig",a small branch or division of a branch (especially a terminal division); usually applied to branches of the current or preceding year,"cabang, ranting, pang",
"voice, vocalization, vocalisation, vocalism, phonation, vox",the sound made by the vibration of vocal folds modified by the resonance of the vocal tract,swara,
"charcoal, wood coal",a carbonaceous material obtained by heating wood or other organic matter in the absence of air,areng,
"chicken, gallus gallus",a domestic fowl bred for flesh or eggs; believed to have been developed from the red jungle fowl,pitik,
"trunk, tree trunk, bole",the main stem of a tree; usually covered with bark; the bole is usually the part that is commercially useful for lumber,tlale,
"cock, rooster",adult male chicken,Ayam jago,
"salt, table salt, common salt",white crystalline form of especially sodium chloride used to season and preserve food,uyah,
"doll, dolly",a small replica of a person; used as a toy,boneka,
wing,a movable organ for flying (one of a pair),swiwi,
space,an empty area (usually bounded in some way between things),"ruang terbuka, papan, ",
"battle, conflict, fight, engagement",a hostile meeting of opposing military forces in the course of a war,"perang, pasulayan, gelut, keterlibatan",
"picture, image, icon, ikon",a visual representation (of an object or scene or person or abstraction) produced on a surface,gambar,
"smoke, smoking",a hot vapor containing fine particles of carbon being produced by combustion,"keluk, weluk, wuluk",
claw,sharp curved horny process on the toe of a bird or some mammals or reptiles,cakar,
boot,footwear that covers the whole foot and lower leg,sepatu but,
fish,any of various mostly cold-blooded aquatic vertebrates usually having scales and breathing through gills,iwak,
tail,the posterior part of the body of a vertebrate especially when elongated and extending beyond the trunk or main part of the body,buntut,
"lie, prevarication",a statement that deviates from or perverts the truth,"bohong, ngapusi",
spoon,a piece of cutlery with a shallow bowl-shaped container and a handle; used to stir or serve or take up food,sendok,
"violence, force",an act of aggression (as one against a person who resists),kekerasan,
"reason, ground",a rational motive for a belief or action,"alasan, dasar",
"freeze, frost",weather cold enough to cause freezing,beku,
pillow,a cushion to support the head of a sleeping person,bantal,
bow,curved piece of resilient wood with taut cord to propel arrows,gandhewa,
"war, warfare",the waging of armed conflict against an enemy,"paprangen, perang, pasulayan, gelut, keterlibatan",
box,a (usually rectangular) container; may have a lid,kotak,
work,activity directed toward making or doing something,"makarya, kerja, nyambut gawe",
"company, companionship, fellowship, society",the state of being with someone,"kanca, paseduluran, masyarakat",
conversation,the use of speech for informal exchange of views or ideas or information etc.,obrolan,
"grandfather, gramps, granddad, grandad, granddaddy, grandpa",the father of your father or mother,simbah lanang,
"grandma, grandmother, granny, grannie, gran",the mother of your father or mother,simbah putri,
staff,a strong rod or stick with a specialized utilitarian purpose,"teken, tongkat",
"bay, embayment",an indentation of a shoreline larger than a cove but smaller than a gulf,teluk,
fog,droplets of water vapor suspended in the air near the ground,"pedhut, kabut",
"guest, invitee",a visitor to whom hospitality is extended,"dayoh, tamu, undangan",
"brain, encephalon",that part of the central nervous system that includes all the higher nervous centers; enclosed within the skull; continuous with the spinal cord,"utek, otak",
"puzzle, puzzler, mystifier, teaser",a particularly baffling problem that is said to have a correct solution,teka-teki,
fault,responsibility for a bad situation or event,"salah, kesalahan",
"egg, eggs",oval reproductive body of a fowl (especially a hen) used as food,endog,
count,the total number counted,cacah (jumlah),
"bridge, span",a structure that allows people or vehicles to cross an obstacle such as a river or canal or railway etc.,"kreteg, jembatan, jembare",
cuckoo,any of numerous European and North American birds having pointed wings and a long tail,manuk kukuk,
"bird louse, biting louse, louse",wingless insect with mouth parts adapted for biting; mostly parasitic on birds,kutu,
"brook, creek",a natural stream of water smaller than a river (and often a tributary of a river),kali,
"joy, joyousness, joyfulness",the emotion of great happiness,"bungah, seneng",
milk,a white nutritious liquid secreted by mammals and used as food by human beings,susuh,
cave,a geological formation consisting of an underground enclosure with access from the surface of the ground or from the sea,guwa,
fly,two-winged insects characterized by active flight,laler,
sign,a public display of a (usually written) message,tandha,
"kettle, boiler",a metal pot for stewing or boiling; usually has a lid,ketel,
"crisscross, cross, mark",a marking that consists of lines that cross each other,silang,
cloud,a visible mass of water or ice particles suspended at a considerable altitude,mega,
butter,an edible emulsion of fat globules made by churning milk or cream; for cooking and table use,mentega,
broom,a cleaning implement for sweeping; bundle of straws or twigs attached to a long handle,sapu,
"aunt, auntie, aunty",the sister of your father or mother; the wife of your uncle,"bibi, bulik",
"troop, flock",an orderly crowd,pasukan,
stroke,a mark made by a writing implement (as in cursive writing),GAP,
stick,a long thin implement resembling a length of wood,batang,
"bucket, pail",a roughly cylindrical vessel that is open at the top,ember,
perch,any of numerous spiny-finned fishes of various families of the order Perciformes,GAP,
"edge, margin",a strip near the boundary of an object,"pinggiran, pinggir",
"animation, life, living, aliveness",the condition of living or the state of being alive,urip,
mosquito,two-winged insect whose female has a long proboscis to pierce the skin and suck the blood of humans and animals,nyamuk,
pole,a long (usually round) rod of wood or metal or plastic,kutub,
pike,any of several elongate long-snouted freshwater game and food fishes widely distributed in cooler parts of the northern hemisphere,GAP,
knife,edge tool used as a cutting instrument; has a pointed blade with a sharp edge and a handle,"lading, pisau",
"meaning, substance",the idea that is intended,"tegese, maknane, artine",
size,the physical magnitude of something (how big it is),ukuran,
"bundle, sheaf",a package of several things tied together for carrying or storing,"buntelan, bentelan",
honey,a sweet yellow liquid produced by bees,madu,
knot,any of various fastenings formed by looping and tying a rope (or cord) upon itself or to another rope or to another object,ikatan,
wood,the hard fibrous lignified substance under the bark of trees,kayu,
"stove, kitchen stove, range, kitchen range, cooking stove",a kitchen appliance used for cooking food,kompor,
duck,small wild or domesticated web-footed broad-billed swimming bird usually having a depressed body and short legs,bebek,
"board, plank",a stout length of sawn timber; made in a wide variety of sizes and used for many purposes,papan,
ladder,steps consisting of two parallel members connected by rungs; for climbing up or down,andha,
"strap, shoulder strap",a band that goes over the shoulder and supports a garment or bag,tali,
"foam, froth",a mass of small bubbles formed in or on a liquid,"umpluk, busa, buih",
wool,fiber sheared from animals (such as sheep) and twisted into yarn for weaving,wol,
"food, solid food",any solid substance (as opposed to liquid) that is used as a source of nourishment,panganan,
dish,a particular item of prepared food,panganan,
"character, grapheme, graphic symbol",a written symbol that is used to represent speech,aksara,
pot,metal or earthenware cooking vessel that is usually round and deep; often has a handle and lid,"panci, manci",
button,a round fastener sewn to shirts and coats etc to fit through buttonholes,benik,
memory,something that is remembered,kenangan,
"string, twine",a lightweight cord,"tali, benang",
"rain, rainfall",water falling in drops from vapor condensed in the atmosphere,udan,
pouch,a small or medium size container for holding or carrying things,kanthong,
"fever, febrility, febricity, pyrexia, feverishness",a rise in the temperature of the body; frequently a symptom of infection,mriyang,
"ant, emmet, pismire",social insect living in organized colonies; characteristically the males and fertile queen have wings during breeding season; wingless sterile females are the workers,semut,
leather,an animal skin made smooth and flexible by removing the hair and then tanning,kulit,
goose,web-footed long-necked typically gregarious migratory aquatic birds usually larger and less aquatic than ducks,"menthok, angsa",
shadow,shade within clear boundaries,ayang-ayang,
call,a request,panggilan,
hole,an opening into or through something,bolongan,
"happiness, felicity",state of well-being characterized by emotions ranging from contentment to intense joy,"rasa senang, bungah",
swan,stately heavy-bodied aquatic bird with very long neck and usually white plumage as adult,angsa,
"snow, snowfall",precipitation falling from clouds in the form of ice crystals,"salju, udan salju",
book,a written work or composition that has been published (printed on pages bound together),buku,
island,a land mass (smaller than a continent) that is surrounded by water,pulo,
"husband, hubby, married man",a married man; a woman's partner in marriage,bojo lanang,
"area, expanse, surface area",the extent of a 2-dimensional surface enclosed within a boundary,"papan, panggonan",
"meal, repast",the food served and eaten at one time,"panganan, dhaharan",
length,the linear extent in space from one end to the other; the longest horizontal dimension of something that is fixed in place,dawane,
"distance, length",size of the gap between two places,"jarak, dawane",
"head, caput",the upper part of the human body or the front part of the body in animals; contains the face and brains,sirah,
lake,a body of (usually fresh) water surrounded by land,tlaga,
ash,the residue that remains when something is burned,awu,
"land, ground, soil",material in the top layer of the surface of the earth in which plants can grow (especially with reference to its quality or use),"lemah, tanah",
"leash, tether, lead",restraint consisting of a rope (or light chain) used to restrain an animal,"tali, naleni, ditaleni, iket, diiket",
jaw,the part of the skull of a vertebrate that frames the mouth and holds the teeth,rahang,
"height, tallness",the vertical dimension of extension; distance from the base of something to the top,dhuwure,
mainland,the main land mass of a country or continent; as distinguished from an island or peninsula,daratan,
"neck, cervix",the part of an organism that connects the head to the rest of the body,gulu,
"nape, scruff, nucha",the back side of the neck,jambul,
"throat, pharynx",the passage to the stomach and lungs; in the front part of the neck below the chin and above the collarbone,"gorokan, tenggorokan",
support,supporting structure that holds up or provides a foundation,dukungan,
gift,something acquired without compensation,hadiah,
soup,liquid food especially of meat or fish or vegetable stock often containing pieces of solid food,sup,
"fabric, cloth, material, textile",artifact made by weaving or felting or knitting or crocheting natural or synthetic fibers,kain,
shoulder,the part of the body between the neck and the upper arm,pundhak,
"benefit, welfare",something that aids or promotes well-being,manfaat,
"weather, weather condition, atmospheric condition",the meteorological conditions: temperature and wind and clouds and precipitation,cuaca,
lid,a movable top or cover (hinged or separate) for closing the opening of a container,tutup,
"wind, air current, current of air",air moving (sometimes with considerable force) from an area of high pressure to an area of low pressure,angin,
"thorax, chest, pectus",the part of the human torso between the neck and the diaphragm or the corresponding part in other vertebrates,dada,
cap,a tight-fitting headdress,"topi, tutup sirah",
"moor, moorland",open land usually with peaty soil covered with heather and bracken and moss,GAP,
"breast, bosom, knocker, boob, tit, titty",either of two soft fleshy milk-secreting glandular organs on the chest of a woman,"payudara, tetek, penthil",
"mountain, mount",a land mass that projects well above its surroundings; higher than a hill,gunung,
"navel, umbilicus, bellybutton, omphalos, omphalus",scar where the umbilical cord was attached,puser,
bird,warm-blooded egg-laying vertebrates characterized by feathers and forelimbs modified as wings,manuk ,
"abdomen, venter, stomach, belly",the region of the body of a vertebrate between the thorax and the pelvis,"weteng, perut",
"natural elevation, elevation",a raised or elevated geological formation,"Gumuk alam/ gumuk alam, dhuwure",
"back, dorsum",the posterior part of a human (or animal) body from the neck to the end of the spine,punggung,
nest,a structure in which animals lay eggs or give birth to their young,susuh,
leg,a structure in animals that is similar to a human leg and used for locomotion,sikil,
thigh,the part of the leg between the hip and the knee,pupu ,
"fairytale, fairy tale, fairy story",a story about fairies; told to amuse children,dongeng,
"hide, pelt, skin",body covering of a living animal,kulit,
"foot, human foot, pes",the part of the leg of a human being below the ankle joint,"sikil, sikil manungsa",
arm,a human limb; technically the part of the superior limb between the shoulder and the elbow but commonly used to refer to the whole superior limb,lengen,
"feather, plume, plumage",the light horny waterproof structure forming the external covering of birds,wulu,
"cargo, lading, freight, load, loading, payload, shipment, consignment",goods carried by a large vehicle,"dagang, cargo",
"hand, manus, mitt, paw",the (prehensile) extremity of the superior limb,tangan,
"palm, thenar",the inner surface of the hand from the wrist to the base of the fingers,"telapak tangan, pangkal jempol",
"opening, gap",an open or empty space in or between things,"bukaan, celah",
finger,any of the terminal members of the hand (sometimes excepting the thumb),driji,
"fence, fencing",a barrier that serves to enclose an area,pager,
"day, twenty-four hours, twenty-four hour period, 24-hour interval, solar day, mean solar day",time for Earth to make a complete rotation on its axis,dina,
"part, piece",a portion of a natural object,bagean,
"brother, blood brother",a male with the same parents as someone else,kakang,
table,a piece of furniture having a smooth flat top that is usually supported by one or more vertical legs,meja,
"sleep, slumber",a natural and periodic state of rest during which consciousness of the world is suspended,turu,
"pit, cavity",a sizeable hole (usually in the ground),jugangan,
laughter,the activity of laughing; the manifestation of joy or mirth or scorn,guyu,
"knee, knee joint, human knee, articulatio genus, genu",hinge joint in the human leg connecting the tibia and fibula with the femur and protected in front by the patella,dhengkul,
precipice,a very steep cliff,jurang,
walk,the act of walking somewhere,mlaku,
"sunday, lord's day, dominicus, sun",first day of the week; observed as a day of rest and worship by most Christians,Minggu,
"tuesday, tues",the third day of the week; the second working day,Selasa,
"monday, mon",the second day of the week; the first working day,Senin,
"thursday, th",the fifth day of the week; the fourth working day,Kemis,
"wednesday, midweek, wed",the fourth day of the week; the third working day,Rebo,
lock,a fastener fitted to a door or drawer to keep it firmly closed,ngunci,
"saturday, sabbatum, sat",the seventh and last day of the week; observed as the Sabbath by Jews and some Christians,Sabtu,
"friday, fri",the sixth day of the week; the fifth working day,Jum'at,
"noon, twelve noon, high noon, midday, noonday, noontide",the middle of the day,awan,
"morning, morn, morning time, forenoon",the time period between dawn and noon,"esuk, wektu esuk",
rainbow,an arc of colored light in the sky caused by refraction of the sun's rays by rain,pelangi,
toe,one of the digits of the foot,jempol sikil,
"evening, eve, even, eventide",the latter part of the day (the period of decreasing daylight from late afternoon until nightfall),sore,
"night, nighttime, dark",the time after sunset and before sunrise while it is dark outside,"bengi, wektu bengi, peteng",
heel,the back part of the human foot,tungkak,
"king, male monarch, rex",a male sovereign; ruler of a kingdom,raja,
"elbow, elbow joint, human elbow, cubitus, cubital joint, articulatio cubiti",hinge joint between the forearm and upper arm and the corresponding joint in the forelimb of a quadruped,sikut,
"address, speech",the act of delivering a formal spoken communication to an audience,pidato,
"ribbon, thread",any long object resembling a thin line,"pita, benang",
"week, hebdomad",any period of seven consecutive days,minggu,
nail,horny plate covering and protecting part of the dorsal surface of the digits,paku,
"hunger, hungriness",a physiological need for food; the consequence of food deprivation,"kaliren, keluwen",
river,a large natural stream of water (larger than a creek),kali,
"rock, stone",a lump or mass of hard consolidated mineral matter,watu,
fingernail,the nail at the end of a finger,kuku,
sea,a division of an ocean or a large body of salt water partially enclosed by land,segara,
"seashore, coast, seacoast, sea-coast",the shore of a sea or ocean,pesisir,
butterfly,diurnal insect typically having a slender body with knobbed antennae and broad colorful wings,kupu-kupu,
shore,the land along the edge of a body of water,pesisir,
"price, terms, damage",the amount of money needed to purchase something,rega,
clay,a very fine-grained soil that is plastic when moist but hard when fired,lempung,
worm,any of numerous relatively small elongated soft-bodied animals especially of the phyla Annelida and Chaetognatha and Nematoda and Nemertea and Platyhelminthes; also many insect larvae,cacing,
"pine, pine tree, true pine",a coniferous tree,pinus,
"commercial enterprise, business enterprise, business",the activity of providing goods and services involving financial and commercial and industrial aspects,bisnis,
sky,the atmosphere and outer space as viewed from the earth,langit,
"sister, sis",a female person who has the same parents as another person,GAP,
spark,a small fragment of a burning substance thrown out by burning material or by friction,murub,
"nose, olfactory organ",the organ of smell and entrance to the respiratory tract; the prominent part of the face of man or other mammals,irung,
"spring, fountain, outflow, outpouring, natural spring",a natural flow of ground water,tuk,
"chin, mentum",the protruding part of the lower jaw,"dagu, mentum",
star,any celestial body visible (as a point of light) from the Earth at night,lintang,
force,a powerful effect or influence,kekuwatan,
"face, human face",the front of the human head from the forehead to the chin and ear to ear,pasuryan,
"brow, forehead",the part of the face above the eyes,"alis, bathuk",
cheek,either side of the face below the eyes,pipi,
sun,a typical star that is the source of light and heat for the planets in the solar system,srengenge,
"fir, fir tree, true fir",any of various evergreen trees of the genus Abies; chiefly of upland areas,GAP,
"swamp, swampland",low land that is seasonally flooded; has more woody plants than a marsh and better drainage than a bog,rawa,
chair,"a seat for one person, with a support for the back",kursi,
"history, account, chronicle, story",a record or narrative description of past events,"sejarah, akun, babad, crite",
"mind, head, brain, psyche, nous",that which is responsible for one's thoughts and feelings; the seat of the faculty of reason,"pkiran, sirah, utek, jiwa",
tea,a beverage made by steeping tea leaves in water,teh,
"floor, flooring",the inside lower horizontal surface (as of a room or hallway),"lantai, jogan",
trail,a track or mark left by something that has passed,jejak,
"health, wellness",a healthy state of wellbeing free from disease,kesehatan,
water,a fluid necessary for the life of most animals and plants,banyu,
disease,an impairment of health or a condition of abnormal functioning,penyakit,
"universe, existence, creation, world, cosmos, macrocosm",everything that exists anywhere,alam semesta,
"ability, power",possession of the qualities (especially mental qualities) required to do something or get something done,"bisa, kekuwatan",
"year, twelvemonth, yr",a period of time containing 365 (or 366) days,taun,
"child, kid, youngster, minor, shaver, nipper, small fry, tiddler, tike, tyke, fry, nestling",a young person of either sex,bocah,
"son, boy",a male human offspring,"putra, bocah lanang",
dust,fine powdery material such as dry earth or pollen that can be blown about in the air,bledug,
air,a mixture of gases (especially oxygen) required for breathing; the stuff that the wind consists of,"hawa, udhara",
people,(plural) any group of human beings (men or women or children) collectively,wong,
"thread, yarn",a fine cord of twisted fibers (of cotton or silk or wool or nylon etc.) used in sewing and weaving,benang,
"body, organic structure, physical structure",the entire structure of an organism (especially an animal or human being),awak,
"calendar month, month",one of the twelve divisions of the calendar year,sasi,
"january, jan",the first month of the year; begins 10 days after the winter solstice,januari,
"earth, ground",the loose soft material that makes up a large part of the land surface,bumi,
"february, feb",the month following January and preceding March,februari,
"march, mar",the month following February and preceding April,maret,
"april, apr",the month following March and preceding May,april,
may,the month following April and preceding June,mei,
june,the month following May and preceding July,juni,
july,the month following June and preceding August,juli,
"august, aug",the month following July and preceding September,agustus,
"september, sep, sept",the month following August and preceding October,september,
"october, oct",the month following September and preceding November,oktober,
"november, nov",the month following October and preceding December,november,
"december, dec",the last (12th) month of the year,desenber,
crow,black birds having a raucous call,gagak,
spirit,the vital principle or animating force within living things,semangat,
fork,cutlery used for serving and eating food,garpu,
"ring, band",jewelry consisting of a circlet of precious metal (often set with jewels) worn on the finger,"cincin, ali-ali",
"end, last, final stage",the concluding parts of an event or occurrence,"pungkasan, akhir, pamungkas",
"church, church building",a place for public (especially Christian) worship,gereja,
"deity, divinity, god, immortal",any supernatural being worshipped as controlling some part of the world or some aspect of life or who is the personification of a force,"dewa, sak lawase",
"filth, crud, skank",any substance considered disgustingly foul or unpleasant,rereged,
"misfortune, bad luck, tough luck, ill luck",an unfortunate state resulting from unfavorable outcomes,nasib elek,
"road, route",an open way (generally public) for travel or transportation,"dalan, rute",
meat,the flesh of animals (including fishes and birds and snails) used as food,daging,
"male child, boy",a youthful male person,"bocah lanang, lanang",
"medicine, medication, medicament, medicinal drug",(medicine) something that treats or prevents or alleviates the symptoms of disease,obat,
"pile, heap, mound, agglomerate, cumulation, cumulus",a collection of objects laid on top of each other,tumpukan,
"man, adult male",an adult person who is male (as opposed to a woman),wong lanang,
grain,1/7000 pound; equals a troy grain or 64.799 milligrams,GAP,
hare,swift timid long-eared mammal larger than a rabbit having a divided upper lip and long hind legs; young born furred and with open eyes,terwelu,
"piece, slice",a serving that has been cut from a larger portion,sepotong,
fat,a soft greasy substance occurring in organic tissue and consisting of a mixture of lipids (mostly triglycerides),lemak,
"companion, comrade, fellow, familiar, associate",a person who is frequently in the company of another,"kanca, rewang",
campfire,a small outdoor fire for warmth or cooking (as at a camp),api unggun,
"family, family unit",primary social group; parents and children,kulawarga,
"flower, bloom, blossom",reproductive organ of angiosperm plants especially one having showy or colorful parts,"kembang, mekar",
mouse,any of numerous small rodents typically resembling diminutive rats having pointed snouts and small ears on elongated bodies with slender usually hairless tails,tikus,
roof,a protective covering that covers or forms the top of a building,atap,
"fall, autumn",the season when the leaves fall from the trees,musim gugur,
"summer, summertime",the warmest season of the year; in the northern hemisphere it extends from the summer solstice to the autumnal equinox,mangsa panas,
"spring, springtime",the season of growth,musim semi,
"winter, wintertime",the coldest season of the year; in the northern hemisphere it extends from the winter solstice to the vernal equinox,"musim dingin, mangsa adhem",
grass,narrow-leaved green herbage: grown as lawns; used as pasture for grazing animals; cut and dried as hay,suket,
"wealth, wealthiness",the state of being rich and affluent; having a plentiful supply of material goods and money,kasugihan,
row,an arrangement of objects or people side by side in a line,deretan,
fur,a garment made of the dressed hairy coat of a mammal,wulu,
hair,a covering for the body (or parts of it) consisting of a dense growth of threadlike structures (as on the human head); helps to prevent heat loss,rambut,
"sin, sinning",an act that is regarded by theologians as a transgression of God's will,"dosa, kesalahan",
towel,a rectangular piece of absorbent cloth (or paper) for drying or wiping,andhuk,
"dirt, filth, grime, soil, stain, grease, grunge",the state of being covered with unclean things,reged,
"forest, wood, woods",the trees and other plants in a large densely wooded area,"alas, kayu",
seed,a mature fertilized plant ovule consisting of an embryo and its food source and having a protective coat or testa,"winih, bibit",
"one-half, half",one of two equal parts of a divisible whole,"separo, setengah",
glass,a brittle transparent solid with irregular atomic structure,kaca,
"beard, face fungus, whiskers",the hair growing on the lower part of a man's face,jenggot,
"mustache, moustache",an unshaved growth of hair on the upper lip,kumis,
"swarm, cloud",a group of many insects,"gerombolan, mendhung",
"eagle, bird of jove",any of various large keen-sighted diurnal birds of prey noted for their broad wings and strong soaring flight,elang,
"sack, poke, paper bag, carrier bag",a bag made of paper or plastic for holding customer's purchases,"karung, nyenggol, kantong kertas, tas kanggo nggawa barang.",
mirror,polished surface that forms images by reflecting light,pengilon,
"bone, os",rigid connective tissue that makes up the skeleton of vertebrates,balung,
trap,a device in which something (usually an animal) can be caught and penned,jebakan,
squirrel,a kind of arboreal rodent having a long bushy tail,bajing,
"owl, bird of minerva, bird of night, hooter",nocturnal bird of prey with hawk-like beak and claws and large head with front-facing eyes,burung hantu,
"bread, breadstuff, staff of life",food made from dough of flour or meal and usually raised with yeast or baking powder and then baked,roti,
gate,a movable barrier in a fence or wall,gerbang,
"collar, neckband",a band that fits around the neck and is usually folded over,kerah,
worker,a person who works at a specific occupation,buruh,
"footstep, pace, step, stride",the distance covered by a step,langkah,
tooth,hard bonelike structures in the jaws of vertebrates; used for biting and chewing or for attack and defense,untu,
comb,a flat device with narrow pointed teeth on one edge; disentangles or arranges hair,"sisir, nyisir",
crane,large long-necked wading bird of marshes and plains in many parts of the world,GAP,
"apparel, wearing apparel, dress, clothes",clothing in general,sandhangan,
"trouser, pant","(usually in the plural) a garment extending from the waist to the knee or ankle, covering each leg separately",celono,
"mound, hill",structure consisting of an artificial heap or bank usually of earth or stones,gundhukan,
mushroom,common name for an edible agaric (contrasting with the inedible toadstool),jamur,
"mother, female parent",a woman who has given birth to a child (also used as a term of address to your mother),"ibu, simbok",
"damage, harm, hurt, scathe",the act of damaging something or someone,"karusakan, ngrusak",
scarf,a garment worn around the head or neck or shoulders for warmth or decoration,selendang,
"wave, moving ridge",one of a series of ridges that moves across the surface of a liquid (especially across a large body of water),gelombang,
"teacher, instructor",a person whose occupation is teaching,"guru, instruktur",
"daughter, girl",a female human offspring,"anak wadon, bocah wadon",
"horse, equus caballus",solid-hoofed herbivorous quadruped domesticated since prehistoric times,jaran,
"tendon, sinew",a cord or band of inelastic tissue connecting a muscle with its bony attachment,"urat, otot",
"death, decease, expiry",the event of dying or departure from life,"pati, mati, kematian",
"aid, assist, assistance, help",the activity of contributing to the fulfillment of a need or furtherance of an effort or purpose,"mbantu, bantuan, pitulungan",
"ice, water ice",water frozen in the solid state,es,
"frost, hoar, hoarfrost, rime",ice crystals forming a white deposit (especially on objects outside),es kristal,
"tongue, lingua, glossa, clapper",a mobile mass of muscular tissue covered with mucous membrane and located in the oral cavity,ilat,
arrow,a projectile with a straight thin shaft and an arrowhead on one end and stabilizing vanes on the other; intended to be shot from a bow,anak panah,
"mouth, oral cavity, oral fissure, rima oris",the opening through which food is taken in and vocalizations emerge,"cangkem, tutuk",
"drop, drib, driblet",a small indefinite quantity (especially of a liquid),tetes,
lip,fleshy folds of tissue as those surrounding the mouth,lambe,
nail,a thin pointed piece of metal that is hammered into materials as a fastener,kuku,
"feed, give",give food to,aweh pangan,
boil,cook in boiling liquid,nggodok,
"arise, rise, uprise, get up, stand up",rise to one's feet,ngadek,
ask,make a request or demand for something to somebody,njaluk,
"sit down, sit",take a seat,lungguh,
"sink, drop, drop down",fall or drop to a lower place or level,GAP,
"tear, rupture, snap, bust",separate or cause to separate abruptly,"suwek, pedhot",
break,destroy the integrity of; usually by force; cause to separate into pieces or fragments,"pecah, mecahake",
"happen, hap, go on, pass off, occur, pass, fall out, come about, take place",come to pass,"kedadean, lumaku",
"urge, urge on, press, exhort",force or impel in an indicated direction,njaluk,
"trace, draw, line, describe, delineate",make a mark or lines on a surface,"Gambar, nggambar",
"get down, begin, get, start out, start, set about, set out, commence",take the first step or steps in carrying out an action,"wiwit, miwiti",
work,exert oneself by doing mental or physical work for a purpose or out of necessity,"kerja, makarya",
"lead, take, direct, conduct, guide",take somebody somewhere,ngeterake,
"begin, lead off, start, commence","set in motion, cause to start",miwiti,
"brawl, wrangle","to quarrel noisily, angrily or disruptively","tawur, gelut",
play,be at play; be engaged in playful activity; amuse oneself in a way characteristic of children,dolanan,
"swallow, get down",pass through the esophagus as part of eating or drinking,nguntal,
"arrive, get, come",reach a destination; arrive by movement or progress,"teka, tekan, sampe",
"let, allow, permit",make it possible through a specific action or lack of action for something to happen,ngidini,
touch,"make physical contact with, come in contact with",ndemek,
pick up,take up by hand,njupuk,
"die, decease, perish, go, exit, pass away, expire, pass, kick the bucket, cash in one's chips, buy the farm, conk, give-up the ghost, drop dead, pop off, choke, croak, snuff it",pass from physical life and lose all bodily attributes and functions necessary to sustain life,"mati, tilar dunya, tiwas",
be born,come into existence through birth,lair,
"separate, part, split up, split, break, break up",discontinue an association or relation; go different ways,"putus, kapisah, pisahan",
"exit, go out, get out, leave",move out of or depart from,"metu, ninggalake, ",
"enter, come in, get into, get in, go into, go in, move into",to come or go into,mlebu,
"take, get hold of","get into one's hands, take physically","njupuk, nyekel",
"grasp, hold on",hold firmly,"nangkep, nyekel",
"call, send for","order, request, or command to come","nelpon, ngirim kanggo",
"hold, take hold",have or hold in one's hands or grip,"cekel, muncul",
meet,meet by design; be present at the arrival of,ketemu,
"meet, run into, encounter, run across, come across, see",come together,"ketemu, ndeleng",
freeze,change to ice,"beku, dadi es",
"flip, flip over, turn over","turn upside down, or throw so as to reverse","balik, loncat, mbalik ",
boil,come to the boiling point and change from a liquid to vapor,umup,
"dissolve, thaw, unfreeze, unthaw, dethaw, melt",become or cause to become soft or liquid,leleh,
"burn, combust",undergo combustion,murub,
"burn, incinerate",cause to undergo combustion,"ngobong, bakar, mbakar",
spread,distribute over a surface in a layer,"sebar, nyebarake, oles, ngolesake",
jog,"a form of light, steady running or slow running.",mlaku ajeg utawa mlaku alon.,
guard,to keep watch over,"jaga, njaga",
"produce, make, create",create or manufacture a man-made product,"ngasilake, gawe, nggawe, nyiptakake",
"hit, strike, impinge on, run into, collide with",hit against; come into sudden contact with,"nabrak, ngantem, tabrakan",
"revolve, go around, rotate",turn on or around an axis or a center,"ngubengi, muter, mubeng",
"divide, split, split up, separate, dissever, carve up",separate into parts or portions,"mbagi, pisah, misahake, ngrancang",
"teach, learn, instruct",impart skills or knowledge to,"mulang, belajar, nuntun",
sharpen,make sharp or sharper,ngasah,
rub,move over something with pressure,"nggosok, ngusap",
"fix, prepare, set up, ready, gear up, set","make ready or suitable or equip in advance for a particular purpose or for some use, event, etc","ndandani, nyiapake",
"travel rapidly, speed, hurry, zip",move very fast,mlayu banter,
"dart, dash, scoot, scud, flash, shoot",run or move very quickly or hastily,mlayu ,
"chop, chop up",cut into pieces,"motong, ngethok",
"construct, build, make",make by combining materials and parts,"mbangun, gawe",
"run, flow, feed, course","move along, of liquids","mil, alir, mlebu",
"visit, call in, call",pay a brief visit,"mertamu, nelpon ",
appear,come into sight or view,"muncul, metu",
pour,cause to run,"nyiram, nyirami",
"stream, well out",flow freely and abundantly,mili,
praise,express approval of,ngalembana,
"breathe, take a breath, respire, suspire","draw air into, and expel out of, the lungs",ambegan,
bake,prepare with dry heat in an oven,manggang,
"disappear, vanish, go away","get lost, as without warning or explanation",ilang,
"cook, fix, ready, make, prepare",prepare for eating by applying heat,"masak, nyiapne",
"scat, run, scarper, turn tail, lam, run away, hightail it, bunk, head for the hills, take to the woods, escape, fly the coop, break away",flee; take to one's heels; cut and run,"mlayu, kabur",
cough,"exhale abruptly, as when one has a chest cold or congestion",watuk,
"flee, fly, take flight",run away quickly,mlayu,
blow,exhale hard,nyebul,
"bring, convey, take",take something or somebody with oneself somewhere,"nggawa, ngeterake, ngajak",
"wash, rinse",clean with some chemical process,"ngumbah, mbilas",
"act, behave, do",behave in a certain manner; show a certain behavior; conduct or comport oneself,tumindak,
knit,make (textiles) by knitting,nyulam,
rest,be at rest,leren,
drive,"to compel or force or urge relentlessly or exert coercive pressure on, or motivate strongly",kasurung,
"sleep, kip, slumber, log z's, catch some z's",be asleep,turu,
"fall asleep, dope off, flake out, drift off, nod off, drop off, doze off, drowse off",change from a waking to a sleeping state,turu,
swing,"move in a curve or arc, usually with the intent of hitting","ngayun, ngayunake",
"decorate, adorn, grace, ornament, embellish, beautify","make more attractive by adding ornament, colour, etc.","ngrias, ndandani",
"awaken, wake, waken, rouse, wake up, arouse",cause to become awake or conscious,tangi,
"wake up, awake, arouse, awaken, wake, come alive, waken",stop sleeping,tangi,
"flex, bend, deform, twist, turn",cause   (a plastic object) to assume a crooked or angular form,"tekuk, muter, nguntir",
turn,cause to move around or rotate,"muter, menggok, walik",
"boast, tout, swash, shoot a line, brag, gas, blow, bluster, vaunt, gasconade",show off,"gumunggung, sombong",
"tie, bind","fasten or secure with a rope, string, or cord","naleni, ngiket",
"thrust, stuff, shove, squeeze",press or force,"nglebokake, nyodorake, menehake",
"promise, assure",make a promise or commitment,janji,
"tie down, tie up, bind, truss",secure with or as if with ropes,"naleni, ngiket",
"fill, fill up, make full","make full, also in a metaphorical sense",ngisi,
"laugh, express joy, express mirth",produce laughter,ngguyu,
"succeed, win, come through, bring home the bacon, deliver the goods",attain success or reach a desired goal,"sukses, kasil",
"botch, bodge, bumble, fumble, botch up, muff, blow, flub, screw up, ball up, spoil, muck up, bungle, fluff, bollix, bollix up, bollocks, bollocks up, bobble, mishandle, louse up, foul up, mess up, fuck up","make a mess of, destroy or ruin","rusak, kaco",
bathe,cleanse the entire body,adus,
"wash, lave",cleanse (one's body) with soap and water,"ngresiki, reresik",
"rush, hasten, hurry, look sharp, festinate",act or move at high speed,"cepet-cepet, kesusu",
"join, bring together",cause to become joined or linked,nggabungake,
"try, seek, attempt, essay, assay",make an effort or attempt,"nyoba, ngupaya",
"comb, comb out, disentangle",smoothen and neaten with or as with a comb,nyisir,
ask,address a question to and expect an answer from,takon,
"feel, sense","perceive by a physical sensation, e.g., coming from the skin or muscles","krasa, ngrasakake",
hear,receive a communication from someone,krungu,
"cut off, chop off, lop off",remove by or as if by cutting,potong,
"rear, raise, bring up, nurture, parent",bring up,"ngangkat, ngunggahake, ngasuh",
"dress, clothe, enclothe, garb, raiment, tog, garment, habilitate, fit out, apparel",provide with clothes or put clothes on,"sandhang, sandhangan",
"notice, mark, note",notice or perceive,nyathet,
"wear, put on, get into, don, assume",put clothing on one's body,"enggo, nganggo",
take off,remove clothes,nyopot,
"murmur, mutter, grumble, croak, gnarl",make complaining remarks or noises under one's breath,nggrundel,
"bite, sting, burn",cause a sharp or stinging pain or discomfort,"ngobong, mbakar, mbrongot",
"scrape, grate",scratch repeatedly,kerok,
"dance, trip the light fantastic, trip the light fantastic toe",move in a pattern; usually to musical accompaniment; do or perform a dance,"nari, joget",
"dig, delve, cut into, turn over","turn up, loosen, or remove earth","ndhudhuk, njeroni, motong/nugel, mbalik",
"ache, smart, hurt",be the source of pain,lara,
"exclaim, cry, cry out, outcry, call out, shout","utter aloud; often with surprise, horror, or joy",nguwuh,
smell,inhale the odor of; perceive by the olfactory sense,enak,
"rescue, deliver",free from harm or evil,awan,
"complete, finish",come or bring to a finish or an end,"rampung, ngrampungake",
"search, seek, look for","try to locate or discover, or try to establish the existence of","golek, nggoleki",
see,perceive by sight or have the power to perceive by sight,"ndeleng, ndelok",
look,perceive with attention; direct one's gaze towards,ndeleng,
"obstruct, blockade, block, hinder, stymie, stymy, embarrass",hinder or prevent the progress or accomplishment of,ngalang-alangi,
"look, appear, seem",give a certain impression or have a certain outward aspect,"katon, muncul",
sound,give off a certain sound or sounds,muni,
"indicate, point, show","indicate a place, direction, person, or thing; either spatially or figuratively",nuduhake,
"cry, weep","shed tears because of sadness, rage, or pain",nangis,
kill,"cause the death of, without intention","tiwas, mati",
"convey, impart","make known; pass on, of information","ngaturake, paring, maringi",
"show, show up",be or become visible or noticeable,katon,
sing,produce tones with the voice,"nyanyi, nembang",
"sew, run up, sew together, stitch",fasten by sewing; do needlework,"njahit, nyiapake (gaun), njahit (potongan-potongan)",
"hide, conceal",prevent from being seen or discovered,"Nutupi, ndhelikake",
"tire, wear upon, tire out, wear, weary, jade, wear out, outwear, wear down, fag out, fag, fatigue",exhaust or get tired through overuse or great strain or stress,"kesel, sayah, ",
"glue, paste",join or attach with or as if with glue,"lim, lem, nempel",
cover,provide with a covering or cause to be covered,"nutup, nutupi",
"deceive, lead on, delude, cozen",be false to; be dishonest with,ngapusi,
ail,"be unwell, ill, or ill disposed","lara, sakit",
watch,look attentively,nonton,
"count, number, enumerate, numerate",determine the number or amount of,ngetung,
"sicken, come down",get sick,lara,
"flash, blink, wink, twinkle, winkle",gleam or glow intermittently,"urip, kelip-kelip",
"govern, rule",exercise authority over; as of nations,mrentah,
"close, shut",move so that an opening or passage is obstructed; make shut,nutup,
"open, open up",cause to open or to become open,mbukak,
"tell, narrate, recount, recite",narrate or give a detailed account of,crita,
"recuperate, recover, convalesce",get over an illness or shock,pulih,
"interrupt, disturb",destroy the peace or tranquility of,ngganggu,
"hark back, return, come back, recall",go back to something earlier,ngelingake,
"translate, interpret, render",restate (words) from one language into another language,"nerjemahake, mangerteni",
"connect, link, tie, link up","connect, fasten, or put together two or more pieces","nyambung, ngiket",
listen,hear with intention,ngrungokake,
hear,perceive  (sound) via the auditory sense,krungu,
"talk, speak",exchange thoughts; talk with,"guneman, tukar pikiran ngganggo omongan",
"speak, talk",use language,ngomong,
"make noise, resound, noise",emit a noise,"nggawe rame, nggawe ribut",
"affect, impress, move, strike",have an emotional or cognitive impact upon,"mengaruhi, ngematake, mindhah, serangan",
be,"have the quality of being; (copula, used with an adjective or a predicate noun)",dadi,
paint,apply paint to; coat with paint,"cet, ngecet",
"end, stop, finish, terminate, cease","have an end, in a temporal, spatial, or quantitative sense; either spatial or metaphorical","rampung, mandheg, entek",
"disturb, upset, trouble",move deeply,ngganggu,
"ring, peal",sound loudly and sonorously,muni banter lan melenting,
chime,emit a sound,muni,
rustle,make a dry crackling sound,muni,
love,be enamored or in love with,seneng,
"be, live","have life, be alive","ana, urip",
like,find enjoyable or agreeable,seneng,
"tinkle, tink, clink, chink",make or emit a high sound,suwara kenceng,
kick,strike with the foot,"tendang, nendang",
"fear, dread",be afraid or scared of; be frightened of,wedi,
fear,be afraid or feel anxious or apprehensive about a possible or probable situation or event,"wedi, kuatir",
"change, alter, vary","make or become different in some particular way, without permanently losing one's or its former characteristics or essence","owah, ganti, beda",
"change, alter, modify",cause to change; make different; cause a transformation,"ngowahi, ngganti, ngubah",
"recognize, recognise, distinguish, discern, pick out, make out, tell apart",detect with the senses,"ndeleng, ndelok, ngenali, mbedakne, milih",
"taste, savor, savour",have flavor; taste of something,"rasa, ngrasakake",
"annoy, rag, get to, bother, get at, irritate, rile, nark, nettle, gravel, vex, chafe, devil","cause annoyance in; disturb, especially by minor irritations","ngganggu, jengkel",
write,communicate or express by writing,nulis,
"gather, garner, collect, pull together",assemble or get together,"ngumpulake, dadekna siji",
give,transfer possession of something concrete or abstract to somebody,"weweh, menehi",
"keep, hold on",retain possession of,"nyimpen, nganggo",
"own, have, possess",have ownership or possession of,"nderbeni, nduwe, nduweni",
turn out,prove to be in the result or end,nyata,
"buy, purchase",obtain by purchase; acquire by means of a financial transaction,tuku,
"become, go, get",enter or assume a certain state or condition,"dadi, lunga, ayo",
wait,stay in one place and anticipate or expect something,"nunggu, ngantri",
"fail, betray","disappoint, prove undependable to; abandon, forsake",gagal,
"decrease, diminish, lessen, fall","decrease in size, extent, or range",mudhun,
"receive, have",get something; come into possession of,nampa,
"get, acquire",come into the possession of something concrete or abstract,entuk,
shake,bring to a specified condition by or as if by shaking,goncang,
"wipe, pass over",rub with a circular motion,"ngusap, ngelap",
increase,become bigger or greater in amount,tambah,
sweep,clean by sweeping,nyapu,
"sweep, broom",sweep with a broom or as if with a broom,kasur,
beat,hit repeatedly,ketok-ketok,
"allege, aver, say",report or maintain,"ujar, ngendika, ngomong",
"dwell, live, inhabit",inhabit or live in,"urip, manggon",
herd,"keep, move, or drive animals",angon,
"pass, hand, reach, pass on, turn over, give",place into the hands or custody of,"njupukake, njupukne, menehake",
"wish, wish well",feel or express a desire or hope concerning the future or fortune of,"ngarep, pengin, ",
"name, call",assign a specified (usually proper) proper name to,"jeneng, aran",
"desire, want",feel or have a desire for; want strongly,"pengin, arep",
"mail, post, send",cause to be directed or transmitted to another place,"kirim, ngirim",
knock,rap with the knuckles,ketok,
sell,exchange or deliver for money or its equivalent,"adol, ngedol",
add,"make an addition  (to); join or combine or unite with others; increase the quality, quantity, size or scope of","tambah, nambah",
"chew the fat, shoot the breeze, chat, confabulate, confab, chitchat, chatter, chaffer, natter, gossip, jaw, claver, visit",talk socially without exchanging too much information,nikmati,
"travel, go, move, locomote","change location; move, travel, or proceed","lelungan, lunga, pindhah",
understand,know and comprehend the nature or meaning of,"ngerti, mangerteni",
whistle,utter or express by whistling,singsot,
"understand, read, interpret, translate",make sense of a language,"ngerti, paham",
pay,"give money, usually in exchange for goods or services","bayar, mbayar",
"groan, moan, sough","indicate pain, discomfort, or displeasure","nggereng, erang, ",
"know, cognize, cognise",be cognizant or aware of a fact or a specific piece of information; possess knowledge or information about,ngerti,
"roar, howl","make a loud noise, as of wind, water, or vehicles",gumuruh,
"discontinue, stop, cease, give up, quit, lay off",put an end to a state or an activity,"ngece, ngganggu",
"pay, pay off, make up, compensate",do or give something to somebody in return,"mbayar, bayar",
thunder,to make or produce a loud noise,"glemeger, gembrojok",
"howl, wrawl, yammer, yowl","cry loudly, as of animals",jenggong,
"learn, larn, acquire",gain knowledge or skills,"sinau, belajar, entuk",
bark,make barking sounds,"ngerok, jenggong, jegog",
milk,take milk from female mammals,ngisin,
"run, go, pass, lead, extend","stretch out over a distance, space, time, or scope; run or extend between two points or beyond a certain point","mlayu, lunga, lulus, mimpin, ngluwihi",
"go, go away, depart",move away from a place into another direction,"lunga, mangkat, budhal",
"kiss, buss, osculate","touch with the lips or press the lips (against someone's mouth or other body part) as an expression of love, greeting, etc.",ambung-ambungan,
"lick, lap",pass the tongue over,ndilat,
donate,give to a charity or good cause,nyumbang,
"remember, retrieve, recall, call back, call up, recollect, think",recall knowledge from memory; have a recollection,"eling, ngelingi, kelingan",
"forget, block, blank out, draw a blank",be unable to remember,lali,
"catch, grab, take hold of",take hold of so as to seize or restrain or stop the motion of,"nyekel, nangkep",
"stop, halt","come to a halt, stop moving",mandhek,
"better, improve, amend, ameliorate, meliorate",to make better,"ndandani, nambah",
leave,"go and leave behind, either intentionally or by neglect or forgetfulness",ninggalake,
"decay, crumble, delapidate",fall into decay or ruin,"rusak, bosok",
"decompose, rot, molder, moulder",break down,"bosok, rusak",
"bite, seize with teeth","to grip, cut off, or tear with or as if with the teeth or jaws",nyakot,
press,exert pressure or force to or upon,"tenet, nekan",
"pull, draw, force",cause to move by pulling,"tarik, narik, nyeret",
"transport, carry","move while supporting, either in a vehicle or in one's hands or on one's body","ngangkut, nggawa",
"pluck, plunk, pick",pull lightly but sharply with a plucking motion,nyopot,
"push, force",move with force,nyurung,
"lug, tote, tug",carry with difficulty,"nggawa, ngeterake, ngajak",
read,interpret something that is written or printed,maca,
"conserve, preserve, maintain, keep up","keep in safety and protect from harm, decay, loss, or destruction","ngreksa, njaga",
"dry, dry out",become dry or drier,"garing, dipeme",
"rock, sway, shake",move back and forth  or sideways,"Oleng, goyang",
"think, cogitate, cerebrate","use or exercise the mind or one's power of reason in order to make inferences, decisions, or arrive at a solution or judgments",mikir,
"rock, sway",cause to move back and forth,"goyang, ngobahake",
"find, regain",come upon after searching; find the location of something that was missed or lost,nemokake,
"walk, take the air",take a walk; go for a walk; walk for pleasure,mlaku,
"calculate, cipher, cypher, compute, work out, reckon, figure",make a mathematical calculation or computation,ngetung,
"crawl, creep",move slowly; in the case of people or animals with the body near the ground,"nyusup, nggremet, merayap",
grow,increase in size by natural process,tuwuh,
tremble,move or jerk quickly and involuntarily up and down or sideways,gemeteran,
"shudder, shiver, throb, thrill","tremble convulsively, as from fear or excitement","ndredeg, gumeter, merinding,",
"measure, mensurate, measure out","determine the measurements of something or somebody, take measurements of",ngukur,
"stir, shift, budge, agitate",move very slightly,ngalih,
"stay, stay on, continue, remain","continue in a place, position, or situation","tetep, terus dadi",
"capture, catch","capture as if by hunting, snaring, or trapping","nyekel, nangkep",
"hang, hang up",cause to be hanging or suspended,gantung,
hang,be suspended or hanging,gumantung,
win,be the winner in a contest or competition; be victorious,"menang, menangake",
"ripen, mature",cause to ripen or develop fully,"mateng, matengake, ndadekne mateng",
walk,use one's feet to advance; advance by steps,mlaku,
turn,"change orientation or direction, also in the abstract sense",mbalik,
"digest, endure, stick out, stomach, bear, stand, tolerate, support, brook, abide, suffer, put up",put up with something or somebody unpleasant,"tahan, nahan, nandhang",
"put, set, place, pose, position, lay",put into a certain place or abstract location,"seleh, nyelehake, atur, ngatur, menehi",
steal,take without the owner's consent,nyolong,
damage,inflict damage upon,"rusak, ngrusak",
"choose, take, select, pick out","pick out, select, or choose from a number of alternatives","milih, pilih, njupuk",
"repair, mend, fix, bushel, doctor, furbish up, restore, touch on",restore by replacing a part or putting together what is torn or broken,ndandani,
"misplace, mislay, lose",place (something) where one cannot find it again,salah pasang,
believe,accept as true; take to be true,"pracaya, percaya, ngandel",
"climb, climb up, mount, go up",go upward with gradual or continuous progress,"munggah, manjat, menek",
"rain, rain down",precipitate as rain,udan ,
run,"move fast by using one's feet, with one foot off the ground at any given time","mlayu, keplayu",
"ignite, light",cause to start burning; subject to fire or great heat,"ngobong, nyumet, nyulut",
"flip, toss, sky, pitch",throw or toss with a light motion,nyerahake,
step,shift or move by taking a step,"langkah maju, mundur",
"drive, motor",travel or be transported in a vehicle,"numpak mobil, numpak motor",
"shine, beam","emit light; be bright, as of the sun or a light","ngetokake cahya, nhgobong",
protect,"shield from danger, injury, destruction, or damage",nglindungi,
"reflect, shine",be bright by reflecting or casting light,"mantul, pantulan, nggambarake, sumunar",
"defend, guard, hold",protect against a challenge or attack,"njupuk, njaga, nguwasai",
"fume, smoke",emit a cloud of fine particles,"asep, kumulun",
dye,color with dye,"nggambari, warnai, ngecet",
blow,be blowing or storming,"teka, sumilir",
"wind, wrap, roll, twine",wrap or coil around,"gulung, nalikake",
"fly, wing",travel through the air; be airborne,mabur,
"shoot, hit, pip",hit with a missile from a weapon,"nembak, mukul, ngalahake",
"lodge, wedge, stick, deposit","fix, force, or implant","nyelehake, nginep, baji, tongkat, simpenan",
fish,catch or try to catch fish or shellfish,mancing,
row,  ,ndayung,
"clean, make clean","make clean by removing dirt, filth, or unwanted substances from",ngesriki,
"hunt, run, hunt down, track down",pursue for food or sport (as of wild animals),"mburu, ngoyak",
water,provide with water,"menehi omben, nyirami",
"wash, launder","cleanse with a cleaning agent, such as soap, and water",ngumbah ,
"expect, look, await, wait",look forward to the probable occurrence of,"ngarep-arep, nunggu, nggolek",
stir,mix or add by stirring,"aduk, ngaduk",
"seat, sit, sit down",show to a seat; assign a seat for,"lungguh, lungguhan",
swim,travel through water,nglangi,
"stand, stand up",be standing; be upright,ngadek,
lie,"be lying, be prostrate; be in a horizontal position","nggelethak, sumeleh",
dive,swim under water,nyilem,
"jump, leap, bound, spring",move forward by leaps and bounds,mlumpat,
cut,separate with or as if with an instrument,"potong; ngethok, ngrajang",
"rise, lift, arise, move up, go up, come up, uprise",move upward,"munggah, metu",
"set, go down, go under",disappear beyond the horizon,surup,
eat,take in solid food,"mangan, neda, dhahar",
fall,descend in free fall under the influence of gravity,tiba,
"drink, imbibe",take in liquids,ngombe,
"raise, lift, elevate, get up, bring up",raise from a lower to a higher position,"angkat, ngangkat",
saw,cut with a saw,"graji, nggraji, ngethok (kayu karo graji)",
"invite, ask over, ask round",invite someone to one's house,"ajak, ngajak, undang, ngundang",
"tumble, topple","fall down, as if collapsing","ambruk, rubuh",
drop,to fall vertically,nyeblokake,
drop,let fall to the ground,"seleh, nyelehake ",
fry,cook on a hot surface using fat,nggoreng,
"destroy, ruin",destroy completely; damage irreparably,ngrusak,
